crop_age_days,sat_ndvi,sat_ndre,sat_ndwi,sat_evi,sat_temp_celsius,sat_diurnal_temp_range,sat_solar_radiation_kwh_m2,sat_precipitation_mm,gdd,hydro_thermal_index,factory_sugar_recovery_pct
317.4,0.7765,0.3637,0.4528,0.7529,29.6,15.2,5.17,1.59,558.6,30.33,12.85
467.2,0.776,0.3042,0.6235,0.7371,33.7,11.7,5.12,0.13,1011.9,53.36,12.85
410.3,0.8788,0.4291,0.292,0.8399,23.8,13.5,8.33,0.42,482.2,79.51,12.85
375.7,0.7377,0.188,0.2875,0.5822,23.8,10.9,6.43,2.23,443.9,21.76,12.85
260.6,0.7987,0.3691,0.6272,0.7677,29.8,12.7,8.58,1.13,463.7,51.1,12.85
260.6,0.7671,0.2246,0.2619,0.6802,35.2,10.1,6.94,3.95,605.8,14.13,11.07
235.1,0.7776,0.3297,0.5268,0.7767,27.8,9.7,7.04,0.84,371.7,37.15,11.36
445.2,0.6792,0.4564,0.5618,0.5239,26.6,12.2,7.31,3.06,649.0,21.98,12.85
376.3,0.7542,0.3596,0.457,0.717,30.5,11.5,8.21,0.89,695.9,49.77,12.85
404.1,0.7614,0.6396,0.6577,0.7796,35.0,12.2,6.23,5.81,930.5,11.17,12.85
225.4,0.6343,0.2792,0.2775,0.5026,33.7,9.6,5.55,4.82,489.4,9.13,9.8
472.2,0.7131,0.4628,0.3639,0.6417,35.9,10.3,7.5,0.6,1130.2,48.34,12.85
436.4,0.5766,0.343,0.1872,0.4322,22.3,7.8,6.47,3.26,450.2,11.79,12.85
275.2,0.9027,0.4745,0.5109,0.9732,23.6,7.5,6.99,2.82,318.7,13.67,12.85
267.3,0.8513,0.3673,0.5126,0.8633,30.5,9.3,7.91,0.35,495.3,54.19,12.68
267.7,0.893,0.429,0.3679,0.897,33.5,7.7,7.22,1.47,575.2,22.44,12.69
299.1,0.7368,0.3253,0.6432,0.6818,26.0,7.9,7.79,0.11,418.5,55.53,12.85
356.4,0.7312,0.5112,0.5464,0.7252,25.3,14.3,7.45,2.72,475.8,28.68,12.85
332.3,0.8006,0.4824,0.3827,0.7039,33.0,7.3,8.33,0.29,698.4,47.54,12.85
295.7,0.5648,0.1415,0.5516,0.4116,22.8,12.9,8.18,0.11,319.1,95.24,12.85
379.1,0.9039,0.5441,0.5852,1.0318,27.2,9.5,7.4,0.77,575.1,39.61,12.85
256.3,0.6813,0.4358,0.3797,0.614,29.1,14.8,8.06,1.29,437.7,52.21,12.76
296.0,0.8406,0.4251,0.4481,0.9122,29.8,11.4,8.93,2.9,528.1,26.05,12.85
315.3,0.8792,0.4754,0.6711,0.9228,32.2,9.8,6.95,5.49,636.8,10.44,12.85
338.6,0.8053,0.6181,0.7053,0.835,27.0,11.7,6.86,0.87,506.8,42.79,12.85
424.1,0.824,0.42,0.566,0.7923,30.6,10.4,8.44,0.09,788.0,80.55,12.85
271.9,0.845,0.3231,0.4134,0.8943,30.2,12.1,7.62,2.07,494.8,29.95,12.81
353.7,0.8516,0.4421,0.7024,0.9373,29.7,8.0,5.32,1.25,624.9,18.99,12.85
374.0,0.7088,0.3572,0.422,0.6505,31.0,16.0,9.01,0.89,709.4,76.14,12.85
232.1,0.7101,0.2525,0.5879,0.5885,25.6,10.8,5.14,0.56,316.4,35.79,10.69
378.0,0.7898,0.4449,0.3749,0.7069,23.2,10.1,8.37,1.05,422.8,41.43,12.85
264.3,0.6936,0.3354,0.4656,0.5726,23.7,13.4,8.41,0.62,308.5,69.55,12.64
236.9,0.6748,0.2367,0.3072,0.5589,25.1,10.3,9.29,2.12,311.4,30.57,11.34
466.7,0.8058,0.4974,0.5512,0.7376,29.0,14.5,5.24,1.18,793.5,34.92,12.85
471.1,0.7968,0.486,0.4457,0.7762,33.8,11.1,7.69,3.14,1025.3,20.58,12.85
430.2,0.8733,0.4938,0.6092,0.9101,31.8,13.5,6.93,1.18,852.5,42.88,12.85
299.2,0.8445,0.3982,0.387,0.8234,33.0,8.0,6.49,0.41,629.7,36.71,12.85
245.4,0.7416,0.2801,0.3827,0.7032,26.9,14.6,5.41,2.86,366.0,20.49,11.52
397.9,0.8049,0.4477,0.5474,0.6794,27.7,13.6,7.53,1.22,623.3,46.17,12.85
334.4,0.6958,0.2586,0.2236,0.5543,27.5,8.9,7.16,0.35,518.8,47.29,12.85
251.7,0.6613,0.4246,0.3556,0.5315,24.7,8.3,5.47,1.47,319.4,18.43,11.62
348.7,0.8724,0.2563,0.6451,0.8915,22.9,9.8,7.76,0.66,378.6,45.89,12.85
228.9,0.7084,0.4667,0.4382,0.5927,30.3,15.8,8.32,2.79,418.3,34.65,11.95
456.4,0.8077,0.3678,0.5813,0.7348,35.8,9.3,8.45,0.91,1088.5,41.3,12.85
287.3,0.6447,0.2895,0.3846,0.5457,24.3,11.1,9.07,1.94,354.4,34.22,12.85
392.3,0.8059,0.4033,0.462,0.8364,22.7,7.3,6.84,0.15,417.9,43.24,12.85
301.0,0.5958,0.2664,0.5393,0.4394,32.9,10.6,9.29,0.76,629.6,55.93,12.85
355.2,0.775,0.4819,0.5142,0.7589,25.5,12.1,8.89,6.13,480.8,15.14,12.85
362.1,0.8985,0.4685,0.4138,0.9759,33.6,15.6,6.33,2.48,782.8,28.36,12.85
268.1,0.773,0.5402,0.4058,0.7791,31.9,11.7,5.72,0.26,532.2,52.8,12.85
472.1,0.7254,0.5835,0.5637,0.7203,35.2,14.4,6.96,0.49,1097.1,67.21,12.85
421.5,0.6574,0.2455,0.1678,0.5008,27.7,11.9,6.81,0.6,662.9,50.73,12.85
464.3,0.6279,0.3804,0.3732,0.4928,31.3,7.4,7.59,1.58,894.5,21.71,12.85
452.7,0.7326,0.5478,0.5977,0.7262,28.5,9.8,7.63,2.12,747.2,24.02,12.85
375.5,0.8346,0.3316,0.3504,0.8153,30.8,12.2,8.37,2.08,706.9,33.16,12.85
459.7,0.8482,0.2697,0.5011,0.8613,28.3,15.6,7.29,1.07,749.0,54.83,12.85
243.0,0.7629,0.4002,0.5296,0.7425,24.6,14.7,5.47,2.5,307.2,23.05,11.86
271.0,0.8099,0.5881,0.526,0.8201,29.1,9.1,8.86,0.86,463.6,43.1,12.85
231.8,0.7461,0.6295,0.4588,0.7532,29.4,9.0,6.39,0.2,403.3,47.92,12.25
304.6,0.7418,0.3752,0.4753,0.7541,33.3,8.8,9.37,1.25,650.2,36.75,12.85
321.1,0.8268,0.5137,0.566,0.8565,32.3,15.3,5.53,4.56,651.7,15.21,12.85
290.6,0.814,0.4965,0.5004,0.7445,31.3,14.7,9.31,2.36,560.6,40.64,12.85
435.5,0.7519,0.4481,0.5622,0.756,23.6,14.0,5.41,1.3,504.6,32.91,12.85
312.8,0.7681,0.2059,0.3208,0.6269,32.1,10.5,6.04,1.56,628.3,24.84,12.85
293.0,0.6443,0.2645,0.5301,0.5219,29.0,11.5,5.21,4.0,498.3,12.02,11.72
361.1,0.8258,0.5565,0.468,0.8859,34.5,11.2,8.17,0.84,813.1,49.69,12.85
256.6,0.6892,0.5238,0.4256,0.5774,34.9,9.3,8.83,0.6,587.1,51.07,12.75
428.6,0.8503,0.1636,0.482,0.7784,22.8,11.5,6.95,5.67,461.7,12.03,12.85
239.4,0.6776,0.3827,0.5739,0.5438,33.5,7.3,9.18,2.99,514.4,16.75,11.6
476.6,0.8168,0.4214,0.6517,0.8632,22.5,8.2,7.66,0.59,501.7,39.54,12.85
420.8,0.7483,0.3275,0.3297,0.6945,27.1,15.0,7.84,0.93,637.1,60.66,12.85
271.7,0.8676,0.401,0.5961,0.9196,29.6,13.8,8.8,0.8,477.9,67.16,12.85
221.4,0.6679,0.3894,0.5667,0.5497,24.1,10.8,6.34,0.24,267.3,55.11,10.71
432.0,0.7215,0.5303,0.5518,0.6932,32.4,11.7,6.59,4.75,883.4,13.37,12.85
403.8,0.8616,0.4238,0.6098,0.9268,22.1,10.3,9.08,0.78,408.5,52.76,12.85
409.5,0.8591,0.2236,0.6527,0.8167,24.4,13.7,9.05,3.12,506.2,30.01,12.85
420.5,0.8884,0.2315,0.5352,0.8904,30.1,14.1,9.39,0.31,762.5,100.43,12.85
239.3,0.6872,0.4689,0.3878,0.5671,32.0,13.9,9.06,1.19,478.5,57.35,12.16
313.2,0.7952,0.6078,0.5582,0.8427,34.8,13.5,5.57,0.04,715.1,72.62,12.85
250.1,0.7754,0.2975,0.5703,0.7589,31.9,8.8,8.71,2.17,497.2,24.3,11.9
444.4,0.8692,0.4195,0.5866,0.9759,31.4,10.0,6.84,1.3,862.4,29.82,12.85
382.1,0.7718,0.2156,0.2666,0.6902,27.5,11.2,9.46,1.47,593.0,42.94,12.85
306.0,0.7794,0.5591,0.5867,0.787,22.0,10.0,7.13,0.08,306.6,65.84,12.85
236.5,0.7988,0.4281,0.63,0.8167,23.7,13.8,7.49,0.36,276.3,76.24,12.04
300.9,0.6875,0.3774,0.6239,0.6363,29.5,10.0,7.38,0.12,526.0,65.94,12.85
304.5,0.8916,0.4414,0.5878,1.0281,31.5,8.2,6.45,0.51,592.4,35.17,12.85
409.7,0.7063,0.3979,0.362,0.6207,27.8,10.6,5.34,1.48,649.1,22.79,12.85
385.8,0.7407,0.4887,0.5189,0.6142,32.2,15.8,9.03,1.25,780.4,63.41,12.85
450.7,0.8052,0.4087,0.4484,0.8111,29.3,9.0,8.61,1.42,779.9,32.14,12.85
342.8,0.7477,0.5312,0.7255,0.729,23.0,12.5,5.63,1.2,378.4,32.07,12.85
251.1,0.7338,0.4293,0.5318,0.6859,24.7,10.9,8.5,0.48,318.6,62.62,12.3
405.4,0.597,0.1608,0.2986,0.4677,33.8,7.6,7.82,0.42,882.2,42.03,12.85
417.8,0.8655,0.43,0.5493,0.8765,32.1,11.4,6.84,0.22,841.8,63.82,12.85
365.9,0.8565,0.2313,0.4107,0.8127,34.5,13.3,6.14,2.84,824.3,21.33,12.85
420.5,0.7047,0.4908,0.5917,0.6239,23.6,11.6,8.87,1.44,489.6,42.27,12.85
348.4,0.7682,0.375,0.4317,0.7477,35.9,14.8,8.15,0.31,831.4,92.42,12.85
355.9,0.8472,0.3135,0.7136,0.8973,24.9,9.6,7.46,0.29,460.3,55.44,12.85
331.2,0.8567,0.4771,0.2804,0.7907,22.2,7.8,7.74,3.1,336.6,14.7,12.85
226.6,0.8699,0.5626,0.5902,0.8585,36.0,15.4,5.41,2.04,543.0,27.49,11.9
248.1,0.6346,0.3523,0.2852,0.5166,25.9,10.4,7.13,1.62,345.7,28.37,11.65
228.2,0.8171,0.4717,0.4672,0.7265,31.4,12.2,5.87,0.78,441.6,40.12,11.52
385.5,0.8388,0.3846,0.4677,0.8895,24.5,14.1,5.94,0.46,480.8,57.63,12.85
301.7,0.8689,0.3666,0.6285,0.9703,30.1,9.9,7.98,5.83,546.8,11.59,12.85
352.2,0.7905,0.382,0.3064,0.7301,34.7,13.4,9.1,2.39,798.0,36.06,12.85
456.0,0.8963,0.5334,0.682,0.9913,26.5,8.2,6.82,0.54,660.4,36.41,12.85
284.8,0.8059,0.5017,0.6806,0.85,31.4,9.6,5.93,2.82,552.1,14.94,12.85
326.7,0.9014,0.4052,0.5561,1.0232,24.6,8.3,7.92,2.13,412.6,20.98,12.85
416.4,0.6395,0.5069,0.5989,0.5095,30.7,14.3,8.92,0.53,780.7,83.45,12.85
279.5,0.8701,0.4656,0.6814,0.9818,26.7,9.0,8.37,0.83,411.1,41.08,12.85
240.0,0.7425,0.3222,0.2962,0.6652,25.0,13.5,8.91,0.31,311.0,91.62,12.06
295.3,0.6522,0.3029,0.2745,0.5463,26.4,15.5,7.41,0.18,424.8,97.61,12.85
261.9,0.6529,0.3602,0.413,0.5039,24.5,11.7,8.38,1.92,327.5,33.68,12.56
461.7,0.7594,0.3214,0.334,0.708,34.6,11.9,5.63,0.47,1044.7,45.52,12.85
430.1,0.762,0.445,0.3542,0.6344,27.6,11.1,6.57,2.57,669.3,20.49,12.85
384.7,0.7807,0.439,0.5196,0.6902,25.4,9.9,6.75,8.14,516.8,7.34,12.85
446.6,0.6997,0.2217,0.3599,0.6001,28.3,11.3,7.3,0.12,726.9,73.56,12.85
429.0,0.7023,0.3929,0.4933,0.671,26.5,12.4,9.18,0.96,621.4,58.17,12.85
268.5,0.775,0.6444,0.4069,0.7934,32.4,15.9,8.93,2.43,548.3,41.35,12.85
452.1,0.7263,0.434,0.5355,0.6308,35.6,15.4,5.61,2.33,1066.7,25.96,12.85
360.2,0.7595,0.5682,0.4986,0.7655,28.1,14.8,5.78,2.14,581.1,27.15,12.85
429.9,0.8138,0.5484,0.7275,0.8576,34.1,15.0,6.61,0.64,948.2,60.32,12.85
453.0,0.8993,0.5398,0.6894,1.0003,29.9,11.2,6.31,0.91,811.8,37.08,12.85
302.7,0.6969,0.4705,0.6349,0.5669,24.2,12.9,7.77,1.36,369.3,42.59,12.85
248.6,0.6934,0.4526,0.363,0.6443,31.7,15.1,9.06,5.47,489.0,21.08,11.87
279.3,0.8821,0.4227,0.4745,1.0041,29.2,10.5,9.33,0.6,480.0,61.63,12.85
331.0,0.748,0.4038,0.4257,0.7227,31.1,15.7,7.94,3.85,632.6,25.64,12.85
432.7,0.8295,0.2891,0.4375,0.7776,34.5,10.7,8.77,0.47,971.6,64.07,12.85
443.8,0.7606,0.5516,0.5647,0.7122,28.2,12.4,7.36,6.77,717.4,11.75,12.85
221.8,0.8836,0.2957,0.6555,0.9423,34.6,13.4,5.94,1.66,501.7,29.84,11.06
352.8,0.7827,0.2912,0.5733,0.7465,32.5,15.6,7.36,0.93,723.6,59.2,12.85
328.5,0.6369,0.1739,0.4323,0.4969,28.8,9.2,7.5,1.43,553.3,28.44,12.85
277.7,0.7852,0.2362,0.3392,0.7102,30.4,13.7,8.34,0.48,512.3,77.44,12.85
251.2,0.7669,0.3384,0.5321,0.7696,26.6,11.7,5.99,0.48,365.6,47.28,11.84
307.8,0.747,0.4609,0.7173,0.7458,35.8,9.4,6.66,0.18,731.6,53.09,12.85
465.2,0.5959,0.4043,0.6244,0.4574,31.3,14.0,6.64,0.18,899.7,78.59,12.85
304.0,0.8697,0.4569,0.7178,0.9802,22.6,12.0,9.32,0.64,322.7,67.97,12.85
354.9,0.773,0.2661,0.4776,0.6971,26.6,12.9,7.0,2.16,517.2,28.69,12.85
402.8,0.8706,0.3596,0.3758,0.9223,30.7,9.9,8.4,1.4,754.3,34.6,12.85
314.5,0.695,0.4456,0.4892,0.6539,22.8,11.3,8.38,0.16,339.4,81.68,12.85
472.7,0.7156,0.6139,0.4487,0.6911,22.3,12.6,6.19,2.87,488.5,20.11,12.85
470.2,0.8058,0.5305,0.5818,0.8573,28.3,10.6,7.57,1.38,766.5,33.88,12.85
285.5,0.6562,0.2079,0.4945,0.5473,26.7,8.8,9.02,4.86,418.4,13.53,11.88
349.3,0.8022,0.4482,0.704,0.8374,28.1,15.7,7.14,1.66,563.6,41.95,12.85
298.2,0.6764,0.2677,0.2369,0.5412,25.7,11.6,9.25,0.29,407.9,83.3,12.85
294.1,0.889,0.5208,0.4319,0.9663,24.3,13.6,5.97,0.96,361.9,41.34,12.85
229.6,0.7414,0.4936,0.6631,0.7211,31.6,10.7,5.33,1.57,451.1,22.22,11.3
378.5,0.8777,0.3189,0.5178,0.9389,29.2,10.2,9.01,0.04,651.1,88.09,12.85
350.7,0.6479,0.2657,0.4241,0.5291,24.8,10.7,8.81,0.02,449.0,91.93,12.85
233.4,0.7509,0.393,0.5164,0.7535,26.5,10.7,9.47,0.21,337.8,83.73,11.81
292.4,0.6607,0.3118,0.227,0.5304,30.3,11.9,8.06,0.43,534.8,66.81,12.85
456.1,0.8529,0.2054,0.3195,0.7311,23.0,11.9,9.22,0.84,502.3,59.49,12.85
282.3,0.8383,0.5306,0.5157,0.876,24.1,11.5,8.72,1.0,340.6,49.97,12.85
257.7,0.8269,0.3211,0.6746,0.807,23.0,8.2,8.8,0.22,284.1,59.11,12.28
347.3,0.8357,0.495,0.7219,0.8957,33.4,11.5,7.56,1.68,742.2,32.36,12.85
476.3,0.8675,0.3827,0.5907,0.8489,32.5,8.5,6.72,1.36,978.0,24.27,12.85
282.9,0.6011,0.2423,0.6233,0.4669,32.5,8.1,9.21,0.52,581.3,49.17,12.5
394.8,0.7933,0.3451,0.4717,0.8186,32.0,15.4,6.94,0.02,790.6,104.74,12.85
418.0,0.823,0.5687,0.4152,0.8164,31.4,12.4,7.42,0.12,809.8,82.41,12.85
281.8,0.7529,0.1936,0.5713,0.6416,28.7,12.9,7.01,0.75,470.0,51.93,12.58
409.3,0.8055,0.5155,0.4187,0.8202,31.0,10.6,7.54,0.25,777.4,64.01,12.85
315.6,0.7464,0.4159,0.631,0.6937,22.5,15.2,7.12,0.71,332.6,63.21,12.85
384.4,0.7778,0.5969,0.5847,0.7558,30.7,12.7,5.22,1.48,718.8,26.75,12.85
384.7,0.6655,0.4551,0.5787,0.5787,32.9,13.9,8.97,1.19,803.7,57.06,12.85
359.3,0.8046,0.4673,0.5964,0.8368,29.0,10.3,7.0,0.39,611.0,51.79,12.85
243.5,0.7053,0.6213,0.6412,0.6779,27.0,15.6,7.65,0.63,365.3,73.32,12.75
437.2,0.7175,0.4463,0.5325,0.6811,25.9,14.4,5.63,1.43,607.0,33.33,12.85
303.4,0.7992,0.1314,0.413,0.6788,31.0,14.7,5.02,2.96,576.4,18.61,12.73
268.5,0.7182,0.6043,0.3999,0.6982,31.7,8.5,6.1,2.1,528.9,16.84,12.82
230.6,0.8801,0.354,0.7019,0.9419,34.2,9.4,8.17,1.21,511.8,34.91,11.53
373.6,0.7229,0.4704,0.6674,0.6874,26.8,9.6,5.45,0.67,552.7,31.12,12.85
396.2,0.7827,0.3044,0.6532,0.7175,32.8,9.4,9.09,0.68,823.1,51.03,12.85
224.3,0.7331,0.5558,0.5173,0.726,29.9,14.7,5.97,3.17,400.6,21.02,10.9
353.1,0.7162,0.5647,0.71,0.6813,34.4,7.3,5.92,0.06,789.6,40.7,12.85
278.9,0.6216,0.414,0.2436,0.48,29.4,7.7,5.82,6.63,485.0,5.86,11.58
387.7,0.6859,0.5357,0.4568,0.597,29.2,9.5,5.06,1.64,668.7,18.17,12.85
265.3,0.8504,0.5829,0.5513,0.9301,30.1,8.8,8.47,1.71,480.0,27.47,12.85
399.6,0.8357,0.1911,0.3247,0.7074,32.5,9.1,8.94,0.06,818.9,76.75,12.85
320.6,0.8349,0.3859,0.6918,0.9136,35.5,14.2,7.76,1.4,753.5,45.97,12.85
463.5,0.8665,0.3418,0.6409,0.9186,23.0,12.1,5.85,0.99,511.3,35.37,12.85
255.8,0.7406,0.3678,0.5826,0.7041,22.7,7.1,6.28,0.17,274.9,37.95,12.18
308.7,0.78,0.4838,0.3869,0.6941,35.1,10.9,7.14,0.49,713.8,52.13,12.85
249.5,0.6105,0.4018,0.5485,0.4874,29.4,10.7,9.29,3.32,434.6,22.98,11.41
460.4,0.7854,0.5498,0.711,0.8207,30.6,8.0,6.11,1.2,856.8,22.32,12.85
448.1,0.6581,0.4322,0.2635,0.5474,28.8,13.1,8.29,0.8,750.8,60.28,12.85
287.1,0.8825,0.4526,0.7309,0.9697,23.3,13.3,6.98,0.11,324.7,83.48,12.85
391.6,0.6665,0.3529,0.3471,0.5709,32.8,13.5,6.34,1.88,812.7,29.71,12.85
432.5,0.5975,0.3393,0.2706,0.4593,32.5,13.6,7.05,1.82,884.9,33.9,12.85
364.4,0.6908,0.293,0.4338,0.5332,26.4,7.0,5.32,1.43,523.3,15.34,12.85
357.7,0.7495,0.3032,0.6457,0.7035,26.3,15.6,8.59,1.07,511.1,64.68,12.85
282.9,0.7648,0.4133,0.7034,0.7897,33.7,14.3,6.09,0.85,614.7,47.12,12.85
244.2,0.8409,0.4288,0.3769,0.8038,23.0,15.1,8.26,1.35,268.9,53.24,12.6
453.3,0.7493,0.2241,0.3934,0.6708,34.3,7.1,5.31,0.4,1012.4,27.1,12.85
454.1,0.7753,0.2089,0.3396,0.7033,25.6,15.4,9.3,4.25,617.3,27.27,12.85
384.6,0.8619,0.46,0.3389,0.8743,30.3,14.3,5.87,1.33,703.9,35.94,12.85
308.1,0.7956,0.4301,0.3985,0.7521,35.1,14.5,8.97,0.56,711.9,83.64,12.85
310.8,0.9029,0.4763,0.6874,1.0337,31.5,7.8,8.64,0.9,605.9,35.74,12.85
408.7,0.8939,0.2608,0.5902,0.9257,27.8,13.6,9.36,2.46,645.9,36.93,12.85
453.2,0.864,0.2796,0.3655,0.8747,31.7,15.6,7.15,0.26,890.8,88.44,12.85
450.6,0.5871,0.449,0.5194,0.4487,26.8,13.1,8.27,0.52,667.7,71.35,12.85
422.8,0.807,0.53,0.7332,0.8649,25.9,12.1,6.67,1.71,586.9,29.89,12.85
386.9,0.6131,0.3032,0.339,0.4904,36.0,15.5,5.83,0.57,926.8,57.65,12.85
241.9,0.7213,0.2588,0.4045,0.5794,32.5,11.0,6.99,2.36,496.1,22.88,11.34
262.0,0.8317,0.5401,0.38,0.854,31.0,12.4,5.75,0.21,498.5,58.87,12.85
453.6,0.7791,0.3081,0.4512,0.7561,27.0,11.3,9.42,2.16,679.3,33.67,12.85
377.7,0.7737,0.3129,0.644,0.7153,22.7,15.4,5.43,0.11,403.7,75.62,12.85
222.4,0.8654,0.266,0.3084,0.8558,22.4,7.7,7.65,0.02,232.1,57.7,11.21
246.4,0.77,0.3543,0.6329,0.7722,29.8,11.5,7.82,3.43,437.5,20.33,11.3
392.5,0.8091,0.2198,0.4734,0.715,32.7,13.2,7.42,1.31,811.3,42.42,12.85
221.3,0.7781,0.4857,0.584,0.7905,29.5,14.1,7.98,0.65,387.8,68.31,11.68
261.8,0.7526,0.3948,0.701,0.7246,33.8,12.2,5.52,0.4,570.0,48.41,12.24
362.7,0.852,0.5003,0.4656,0.8334,22.5,15.2,7.5,1.44,379.6,46.66,12.85
399.9,0.8808,0.3261,0.636,0.8904,27.1,15.5,6.29,1.07,605.2,47.12,12.85
389.5,0.6602,0.4499,0.4621,0.5436,25.3,7.6,9.23,7.17,518.8,8.56,12.85
278.3,0.8057,0.3933,0.5917,0.8259,28.3,10.6,8.43,6.13,452.6,12.56,12.46
405.2,0.8854,0.4947,0.3896,0.9126,23.0,7.2,9.38,1.51,446.2,26.92,12.85
281.7,0.6216,0.494,0.3256,0.5089,35.4,10.0,5.17,0.88,658.0,27.44,12.71
304.6,0.8907,0.5375,0.6465,0.9432,25.1,11.8,6.28,1.01,399.8,36.92,12.85
414.1,0.7799,0.6654,0.624,0.8184,34.9,15.2,5.88,1.72,948.8,32.84,12.85
388.9,0.6466,0.3056,0.5195,0.5523,28.0,14.6,5.05,0.16,620.8,63.61,12.85
440.8,0.8668,0.4179,0.6944,0.9685,35.8,8.1,6.09,0.6,1049.0,31.07,12.85
391.0,0.8481,0.3461,0.3345,0.8087,29.8,7.8,8.05,0.12,694.3,56.49,12.85
367.8,0.8221,0.3939,0.269,0.6929,35.0,12.3,6.04,0.11,847.0,66.69,12.85
244.4,0.7833,0.4776,0.547,0.6834,22.1,11.8,7.29,0.33,246.2,64.77,12.21
315.6,0.8665,0.5607,0.5184,0.8565,32.5,9.4,9.0,1.0,646.2,42.35,12.85
289.0,0.6757,0.445,0.5948,0.5555,34.6,15.1,8.12,2.3,654.3,37.11,12.85
283.4,0.8366,0.0987,0.2788,0.6936,24.0,15.3,6.78,1.0,338.9,52.07,12.64
473.0,0.8095,0.5682,0.7057,0.859,23.3,10.6,6.68,0.61,536.6,43.97,12.85
322.2,0.7063,0.5179,0.4012,0.6809,27.9,15.0,7.05,0.13,513.7,93.76,12.85
451.9,0.7294,0.5882,0.4407,0.7029,35.1,10.5,5.8,1.2,1042.7,27.56,12.85
384.1,0.6862,0.4046,0.4408,0.5586,29.6,13.6,7.85,0.47,675.8,72.59,12.85
426.7,0.7696,0.2705,0.3442,0.6463,29.4,11.3,6.64,1.43,741.7,30.81,12.85
350.7,0.662,0.2188,0.2003,0.5143,24.0,8.1,8.84,5.67,420.0,10.73,12.85
370.0,0.7881,0.533,0.5121,0.792,22.0,15.4,8.4,0.18,370.4,109.62,12.85
348.1,0.8277,0.6356,0.6863,0.8947,33.3,11.1,7.75,0.36,742.8,63.27,12.85
270.8,0.859,0.414,0.5162,0.8475,23.2,13.6,6.64,0.96,304.0,46.08,12.85
407.8,0.6018,0.3835,0.2436,0.4609,30.9,10.3,5.94,5.19,769.7,9.89,12.85
293.0,0.7831,0.4985,0.4337,0.7473,34.8,7.2,8.49,2.22,668.2,18.93,12.85
226.3,0.8332,0.2085,0.3881,0.7872,24.9,7.9,7.19,3.43,292.4,12.83,10.06
387.8,0.7877,0.3206,0.3205,0.7269,31.3,11.5,6.01,0.61,749.0,42.84,12.85
266.0,0.8035,0.4052,0.3779,0.7992,23.1,13.2,5.88,7.25,295.4,9.41,11.87
464.5,0.7236,0.4729,0.3929,0.6913,30.5,10.0,5.74,0.16,857.2,49.46,12.85
468.0,0.6409,0.3008,0.5733,0.4996,24.3,13.3,8.5,0.08,575.4,104.16,12.85
457.9,0.6121,0.23,0.3278,0.4585,32.3,13.3,6.03,2.9,929.6,20.53,12.85
316.2,0.9204,0.4422,0.5019,1.0971,26.2,13.3,7.37,3.93,449.6,19.93,12.85
224.0,0.7542,0.2475,0.3139,0.6525,28.5,11.4,7.03,0.14,369.4,70.37,11.15
461.4,0.702,0.3888,0.3085,0.5542,30.4,15.2,7.61,0.18,848.5,98.17,12.85
331.3,0.8726,0.3021,0.5553,0.801,24.4,11.4,8.95,0.05,410.8,97.11,12.85
471.3,0.7714,0.2806,0.229,0.6281,32.4,11.1,8.9,0.17,960.7,84.44,12.85
470.5,0.6903,0.2474,0.3752,0.6001,26.2,8.8,7.03,0.35,669.9,45.71,12.85
441.8,0.8829,0.4227,0.7062,0.9764,31.3,9.8,5.07,5.26,851.5,7.91,12.85
296.6,0.7384,0.3389,0.4587,0.6533,24.2,7.4,6.92,1.65,362.3,19.25,12.85
320.1,0.8368,0.5249,0.6094,0.8154,31.6,12.7,7.73,2.26,628.5,30.1,12.85
441.3,0.9069,0.4025,0.5833,0.9937,23.8,9.2,7.51,2.25,520.5,21.38,12.85
302.4,0.8358,0.5384,0.696,0.8285,28.0,9.7,7.93,1.15,482.5,35.94,12.85
264.1,0.7124,0.5268,0.5915,0.6921,25.5,13.9,5.69,2.4,355.5,23.37,12.75
364.8,0.7463,0.5949,0.5401,0.7453,32.5,9.9,7.91,1.36,746.9,33.35,12.85
463.4,0.5523,0.1663,0.2862,0.3984,25.7,9.2,5.82,0.57,633.4,34.12,12.85
401.0,0.8019,0.5571,0.4858,0.8239,34.3,8.5,8.38,1.24,895.9,31.94,12.85
368.2,0.8673,0.4216,0.3548,0.8687,34.5,14.0,6.53,1.14,828.0,42.54,12.85
245.3,0.8078,0.3878,0.6781,0.8673,24.8,8.2,8.19,2.6,312.7,18.58,11.93
379.9,0.7785,0.4977,0.642,0.7351,30.6,11.1,5.22,6.0,706.4,8.25,12.85
477.4,0.751,0.4954,0.4678,0.768,23.2,11.6,6.84,0.79,536.0,44.05,12.85
256.4,0.8895,0.4791,0.6698,0.9788,27.5,13.2,8.17,2.16,397.0,34.08,12.85
354.8,0.7364,0.5204,0.2456,0.6333,32.0,12.7,6.02,0.16,709.1,66.05,12.85
448.1,0.8623,0.312,0.3733,0.8792,31.2,14.3,8.58,2.25,861.8,37.74,12.85
412.6,0.8531,0.6404,0.5774,0.9542,30.7,7.4,7.84,0.7,773.5,34.21,12.85
401.2,0.758,0.4818,0.4053,0.763,26.0,9.7,7.64,0.06,559.9,69.7,12.85
402.6,0.7126,0.247,0.5683,0.5748,27.3,9.5,6.59,0.68,615.7,37.42,12.85
313.5,0.8205,0.4026,0.6024,0.843,23.4,8.3,7.17,1.41,358.6,24.69,12.85
296.3,0.7766,0.2884,0.3918,0.7055,32.1,9.6,7.69,0.19,594.6,62.01,12.85
430.4,0.6988,0.3346,0.4061,0.5408,29.1,9.8,7.13,3.87,734.1,14.33,12.85
430.6,0.6864,0.5615,0.309,0.5969,31.9,11.7,8.14,0.12,857.9,84.94,12.85
445.4,0.6277,0.2413,0.6199,0.5042,25.5,13.0,6.95,3.99,600.7,18.08,12.85
457.4,0.711,0.4551,0.5318,0.685,26.5,10.4,5.91,1.84,665.2,21.69,12.85
352.9,0.6742,0.2404,0.4073,0.5722,26.7,13.5,5.96,0.6,518.1,50.22,12.85
350.4,0.8439,0.3739,0.4989,0.907,22.4,10.0,5.03,0.74,363.0,28.9,12.85
427.6,0.6264,0.1134,0.4518,0.4666,26.8,9.6,6.35,2.03,631.7,20.19,12.85
389.0,0.7596,0.3454,0.4919,0.6748,33.2,11.9,8.37,1.38,826.5,41.75,12.85
402.5,0.803,0.3818,0.2864,0.7182,34.6,7.2,8.57,1.67,908.2,23.16,12.85
426.9,0.6402,0.2195,0.5522,0.5178,29.3,7.7,5.91,0.74,736.6,26.23,12.85
451.4,0.8537,0.2765,0.23,0.7368,28.4,10.8,9.32,1.0,739.3,50.04,12.85
307.9,0.6145,0.4275,0.3731,0.4834,22.4,15.5,7.26,6.89,321.2,14.25,12.85
317.7,0.7852,0.2987,0.4038,0.7584,34.3,13.5,9.13,0.36,708.6,90.48,12.85
244.4,0.7036,0.2118,0.3481,0.6005,22.2,7.8,8.18,0.81,248.9,35.19,11.2
370.4,0.7188,0.3836,0.5884,0.6407,35.2,14.6,8.25,0.52,860.2,79.47,12.85
229.3,0.6558,0.5262,0.4267,0.5558,28.8,13.6,5.38,2.17,386.4,23.06,11.44
341.1,0.7801,0.5128,0.4418,0.802,26.8,12.5,5.99,2.17,504.3,23.65,12.85
361.1,0.7874,0.3953,0.5872,0.8188,34.9,14.4,5.04,0.52,828.3,47.72,12.85
294.5,0.8817,0.2682,0.3225,0.9011,22.3,10.6,8.22,0.13,304.6,77.58,12.85
373.6,0.7411,0.46,0.4605,0.6549,30.1,9.0,6.55,0.02,677.7,57.91,12.85
227.9,0.819,0.4561,0.5457,0.7041,29.7,11.6,8.54,0.84,403.1,53.98,11.79
229.7,0.7678,0.3854,0.6097,0.7919,25.1,11.9,6.53,0.79,300.2,43.47,11.45
433.9,0.6939,0.2977,0.1838,0.5467,28.0,11.8,8.69,6.68,694.4,13.39,12.85
313.6,0.6936,0.3224,0.5092,0.5894,31.1,12.1,5.59,0.95,600.1,34.6,12.85
253.0,0.8746,0.1895,0.2966,0.8362,32.2,15.5,5.78,0.44,510.6,62.18,11.96
355.8,0.8631,0.5164,0.2992,0.825,22.0,15.1,6.53,3.33,356.1,22.83,12.85
420.2,0.6577,0.2412,0.4581,0.5263,35.1,14.9,6.84,1.01,971.3,50.55,12.85
276.1,0.8973,0.6071,0.705,1.0006,24.3,14.2,6.57,1.37,339.7,39.37,12.85
382.0,0.8481,0.326,0.2878,0.7464,25.3,15.5,8.44,0.15,506.9,113.56,12.85
242.2,0.9048,0.3338,0.5862,0.9795,25.7,7.9,5.44,0.72,331.5,24.87,11.41
233.4,0.585,0.3039,0.2668,0.4447,22.5,9.4,6.58,4.33,245.8,11.59,10.18
358.2,0.6301,0.0972,0.3851,0.482,23.7,11.5,8.77,1.34,419.9,43.0,12.85
360.6,0.8416,0.4658,0.5694,0.9174,35.8,14.6,5.3,0.63,858.5,47.44,12.85
385.7,0.7833,0.3706,0.2921,0.6801,26.4,11.5,9.24,1.47,556.0,43.13,12.85
408.8,0.8358,0.5598,0.5915,0.891,23.6,13.7,9.44,3.62,474.8,28.06,12.85
473.7,0.7111,0.457,0.5159,0.6497,23.5,8.3,5.4,0.48,544.7,30.09,12.85
354.2,0.6535,0.3111,0.4183,0.5073,32.1,9.3,6.31,1.06,711.0,28.47,12.85
304.0,0.8805,0.6354,0.6179,1.0029,34.0,13.6,6.68,4.78,667.6,15.69,12.85
426.7,0.8283,0.3696,0.4066,0.7545,25.6,8.5,8.49,0.28,580.3,56.12,12.85
290.4,0.8949,0.4853,0.4562,1.0129,22.3,10.2,7.68,1.91,298.9,26.85,12.85
334.1,0.6739,0.2183,0.4541,0.545,25.1,9.4,7.9,1.43,438.5,30.51,12.85
240.4,0.7523,0.426,0.5467,0.7533,22.8,10.1,8.41,1.71,259.4,31.52,12.0
226.6,0.7651,0.1621,0.2669,0.6142,23.4,13.4,5.53,0.65,259.4,44.86,10.61
470.3,0.8956,0.5849,0.5801,0.9304,28.0,10.3,8.75,0.57,754.4,57.64,12.85
437.4,0.8942,0.5514,0.6229,0.9913,25.2,12.0,8.18,1.73,578.1,35.94,12.85
401.0,0.7226,0.4406,0.4345,0.7161,29.2,7.9,7.6,0.36,690.6,44.0,12.85
326.3,0.8539,0.4885,0.4917,0.941,25.5,14.2,9.0,0.82,442.1,70.62,12.85
265.1,0.7475,0.6394,0.5225,0.7411,35.2,10.3,8.15,0.31,614.1,64.14,12.85
260.7,0.7837,0.3914,0.5118,0.8099,34.7,12.8,5.91,0.01,591.3,74.9,12.85
285.1,0.7589,0.2133,0.6322,0.6513,29.9,13.5,6.93,5.26,511.3,14.98,11.97
362.8,0.8229,0.3159,0.3815,0.7564,27.0,8.9,7.22,0.85,542.8,34.74,12.85
405.8,0.849,0.5085,0.4256,0.7953,27.3,15.0,5.25,5.23,622.3,12.61,12.85
391.7,0.7235,0.2738,0.4356,0.6402,27.8,12.5,9.3,0.23,617.5,95.07,12.85
292.8,0.6871,0.3368,0.5155,0.5963,32.2,10.9,5.58,1.33,591.0,26.02,12.78
468.3,0.7408,0.3168,0.671,0.6911,28.3,8.6,8.14,0.34,764.3,52.62,12.85
411.9,0.7087,0.2057,0.5336,0.5829,34.0,15.5,7.28,2.34,905.8,33.72,12.85
364.1,0.9,0.3478,0.3774,0.9843,35.2,13.8,5.12,2.3,845.4,21.41,12.85
379.0,0.593,0.2879,0.4324,0.4586,26.7,8.9,9.16,0.18,557.3,68.93,12.85
329.1,0.6662,0.4814,0.4491,0.5587,29.8,10.0,8.83,3.65,587.4,19.08,12.85
284.4,0.8218,0.3393,0.6781,0.805,23.3,14.3,7.36,0.32,322.3,79.37,12.85
312.6,0.7034,0.4247,0.7265,0.6712,24.8,13.3,6.03,1.42,400.3,32.99,12.85
417.0,0.7734,0.3765,0.4604,0.7708,27.8,13.9,5.55,6.36,658.4,10.46,12.85
223.7,0.7673,0.5457,0.5018,0.7464,24.9,11.0,6.64,3.21,288.3,17.29,10.78
250.2,0.6473,0.4126,0.3852,0.5137,34.3,13.4,6.15,4.7,557.2,14.5,11.3
232.0,0.7032,0.2864,0.5984,0.6393,24.2,10.5,7.28,0.63,283.4,46.82,11.05
230.6,0.6572,0.1788,0.2673,0.5128,28.4,8.9,9.35,0.17,377.7,71.29,11.29
442.4,0.8552,0.2321,0.5985,0.8279,30.5,12.7,7.59,0.31,817.6,73.35,12.85
403.0,0.8002,0.2871,0.5958,0.7532,31.7,15.8,9.0,1.04,793.3,69.63,12.85
343.3,0.5695,0.2115,0.3659,0.4184,27.4,9.8,7.93,2.36,527.4,23.09,12.85
245.4,0.8161,0.2769,0.5185,0.7442,34.2,11.1,7.14,0.24,544.1,63.97,11.78
347.8,0.8409,0.3828,0.6618,0.924,30.0,13.1,8.85,1.62,624.6,44.16,12.85
343.1,0.8284,0.4682,0.5242,0.8999,28.2,11.9,7.12,0.59,554.2,53.3,12.85
265.0,0.7654,0.3086,0.389,0.6915,22.9,14.6,8.91,0.63,290.0,79.94,12.84
332.8,0.6595,0.392,0.2209,0.5072,28.5,13.9,6.31,1.63,549.3,33.3,12.85
323.6,0.6022,0.308,0.432,0.4695,33.5,7.5,5.58,0.94,695.5,21.6,12.85
380.1,0.8246,0.2938,0.6484,0.7846,30.6,16.0,8.85,2.51,707.2,40.33,12.85
385.1,0.894,0.5637,0.6509,1.0296,33.7,13.8,7.64,0.25,833.8,83.92,12.85
231.8,0.8078,0.4047,0.2058,0.6992,28.9,14.8,9.0,2.34,392.1,39.81,12.11
317.4,0.7173,0.5164,0.5053,0.6878,23.7,12.9,9.22,0.1,370.0,107.84,12.85
382.7,0.665,0.3767,0.2884,0.5248,22.2,14.7,5.24,0.32,390.0,58.24,12.85
350.8,0.8605,0.5878,0.7598,0.9671,26.2,8.0,7.25,1.6,499.7,22.34,12.85
442.7,0.6752,0.3885,0.4475,0.5799,31.8,10.1,6.69,2.9,875.3,17.39,12.85
391.3,0.7239,0.3388,0.7239,0.699,33.1,14.9,7.82,0.44,824.1,80.99,12.85
262.4,0.6608,0.3481,0.4171,0.557,26.1,8.8,8.57,0.59,371.0,47.39,12.26
238.3,0.6922,0.5353,0.3712,0.635,28.9,7.7,6.26,1.16,403.7,22.38,11.57
387.0,0.7973,0.4771,0.2281,0.6986,27.9,14.1,7.51,0.36,615.2,77.97,12.85
226.9,0.6432,0.2187,0.3686,0.5077,27.7,14.5,8.19,2.5,357.3,33.97,11.07
372.3,0.8213,0.5255,0.5834,0.8843,25.2,8.5,5.6,2.23,492.9,14.69,12.85
464.5,0.7442,0.3928,0.4278,0.7483,23.9,14.7,8.66,0.24,553.1,103.0,12.85
369.6,0.7629,0.4319,0.5034,0.775,24.8,13.2,7.73,0.93,471.4,52.64,12.85
320.9,0.7221,0.3336,0.6913,0.6764,22.8,11.7,9.27,2.24,345.8,33.47,12.85
387.3,0.7693,0.5393,0.559,0.7743,24.8,14.5,6.53,0.62,494.7,58.42,12.85
339.1,0.8044,0.1904,0.4825,0.6754,22.1,10.8,5.49,1.5,343.5,23.61,12.85
361.9,0.7348,0.4366,0.4545,0.6475,30.8,8.7,7.28,0.08,679.6,59.1,12.85
464.8,0.6225,0.2029,0.4547,0.5089,26.4,9.6,5.39,1.41,670.6,21.4,12.85
320.4,0.6896,0.3837,0.484,0.6324,35.6,11.5,9.36,0.25,756.9,86.59,12.85
469.9,0.8786,0.4188,0.5076,0.8591,24.7,11.8,5.17,2.66,597.4,16.64,12.85
455.4,0.8195,0.3782,0.5457,0.7163,26.8,14.3,8.39,0.66,675.9,72.08,12.85
270.9,0.8713,0.5277,0.504,0.9086,27.0,14.1,7.36,0.5,406.6,69.51,12.85
238.0,0.7557,0.4067,0.4405,0.7533,22.1,12.2,6.66,2.76,240.9,21.68,11.65
246.2,0.6749,0.4674,0.3926,0.5796,33.7,14.0,5.3,0.08,535.5,68.97,12.44
224.7,0.8014,0.2478,0.4538,0.6886,22.4,8.7,7.8,0.76,234.8,38.72,10.84
244.6,0.7225,0.3958,0.2404,0.6062,35.2,7.5,7.63,0.69,566.5,33.59,11.65
397.6,0.6411,0.2622,0.2621,0.5193,34.5,14.9,6.26,0.5,894.1,61.95,12.85
238.5,0.6806,0.2347,0.5613,0.5742,29.5,7.7,9.1,3.64,417.3,15.05,10.46
302.9,0.7761,0.3432,0.7056,0.7595,29.6,9.2,6.37,2.09,533.5,19.03,12.85
439.7,0.7602,0.3377,0.4217,0.7285,31.2,13.3,7.02,0.1,842.1,84.73,12.85
226.1,0.7894,0.5487,0.4159,0.7895,27.4,10.7,7.45,1.88,348.5,27.62,11.67
431.8,0.8054,0.5172,0.2844,0.7497,31.1,14.9,5.45,1.12,823.0,38.21,12.85
293.3,0.7898,0.4075,0.4247,0.8107,22.6,9.7,9.19,3.47,311.7,19.93,12.85
250.7,0.6734,0.3564,0.3634,0.5504,22.8,7.1,6.69,0.56,269.7,30.4,11.52
401.2,0.6772,0.4093,0.465,0.5945,28.4,9.7,5.36,1.28,657.9,22.83,12.85
383.5,0.7726,0.6265,0.7313,0.7787,29.7,12.2,6.74,1.04,678.6,40.29,12.85
448.1,0.6492,0.3927,0.5123,0.5196,34.4,10.4,7.7,1.01,1005.2,39.81,12.85
411.1,0.8161,0.4733,0.3911,0.7012,23.5,11.8,7.31,0.91,471.4,45.14,12.85
428.9,0.8168,0.3704,0.5172,0.8672,33.5,14.9,8.13,0.35,922.9,89.93,12.85
293.3,0.888,0.4471,0.4219,0.8704,24.9,15.2,5.25,2.11,379.6,25.64,12.85
266.1,0.849,0.4195,0.4402,0.8882,27.5,9.4,6.28,0.9,413.0,31.04,12.6
415.2,0.6217,0.4431,0.4478,0.4662,26.4,11.2,8.69,4.77,599.2,16.79,12.85
429.8,0.6865,0.3872,0.5015,0.6347,27.6,11.9,5.36,0.45,670.5,44.04,12.85
477.5,0.8583,0.4082,0.6255,0.8166,24.1,15.5,8.85,1.72,578.1,50.53,12.85
327.3,0.7276,0.12,0.3932,0.5826,29.0,16.0,5.41,4.24,558.0,16.52,12.58
316.7,0.7148,0.3037,0.4209,0.664,33.2,9.1,8.76,1.63,672.2,30.31,12.85
421.9,0.8184,0.385,0.3397,0.7391,28.2,13.5,6.62,3.08,682.6,22.01,12.85
308.6,0.7401,0.2371,0.2846,0.6638,28.9,10.4,7.75,2.64,520.6,22.19,12.85
462.0,0.6338,0.1016,0.467,0.4874,33.9,7.1,5.69,0.67,1011.0,24.09,12.85
443.2,0.6818,0.178,0.3868,0.5499,31.9,7.1,5.3,1.37,881.3,15.8,12.85
331.5,0.8297,0.2251,0.5049,0.7696,28.9,11.1,5.97,0.25,559.2,53.04,12.85
415.2,0.7487,0.3669,0.3927,0.6144,25.6,11.4,5.58,1.15,565.0,29.55,12.85
416.2,0.7546,0.4608,0.4518,0.7644,34.4,7.2,6.41,0.39,931.8,33.13,12.85
246.8,0.6685,0.422,0.2587,0.5094,30.1,13.2,7.31,2.04,446.2,31.69,12.07
454.7,0.8984,0.5423,0.3462,0.9277,25.1,9.6,7.65,1.13,595.4,34.7,12.85
351.4,0.6363,0.1177,0.518,0.4969,25.8,12.0,8.55,0.79,483.7,57.39,12.85
434.9,0.8773,0.4044,0.2978,0.8433,33.2,9.7,7.95,0.47,923.9,52.54,12.85
303.2,0.7635,0.4146,0.7322,0.7811,22.6,8.5,7.74,9.97,322.0,6.0,12.69
452.8,0.8089,0.1892,0.2436,0.7061,35.9,10.7,6.85,0.11,1081.8,65.75,12.85
321.2,0.7279,0.393,0.6331,0.728,23.8,9.1,7.13,0.07,379.8,60.77,12.85
222.8,0.7641,0.1491,0.4868,0.6592,33.1,11.8,6.87,0.37,471.1,59.31,10.5
455.4,0.8347,0.5377,0.5303,0.8743,27.5,8.8,8.79,5.31,707.1,12.23,12.85
243.7,0.8633,0.5781,0.3447,0.8828,28.9,11.6,6.04,5.81,411.7,10.26,11.68
303.0,0.8501,0.5068,0.7325,0.9291,34.3,8.4,5.03,1.6,676.6,16.29,12.85
467.0,0.6901,0.5428,0.554,0.6227,27.8,13.0,7.93,3.18,737.0,24.73,12.85
467.2,0.6614,0.5834,0.3679,0.5828,29.5,13.8,5.91,0.36,818.7,59.87,12.85
369.1,0.7624,0.3567,0.4466,0.6548,22.7,8.0,9.01,5.37,394.6,11.31,12.85
384.3,0.7337,0.198,0.5323,0.6134,22.0,11.2,8.87,0.23,385.5,80.73,12.85
336.6,0.7671,0.465,0.5916,0.7859,25.4,7.6,5.35,0.16,452.0,35.2,12.85
296.2,0.6485,0.4155,0.488,0.5405,31.5,12.4,5.48,0.18,578.5,57.57,12.85
305.5,0.7282,0.3074,0.3039,0.6456,23.7,9.4,7.23,1.28,357.3,29.78,12.85
394.9,0.8216,0.5445,0.4503,0.8545,23.6,11.7,7.74,2.28,457.7,27.75,12.85
415.6,0.7708,0.5446,0.4413,0.6961,27.8,11.7,6.24,0.69,654.7,43.15,12.85
425.8,0.7757,0.4154,0.4225,0.8053,31.1,15.3,8.23,5.72,812.0,18.76,12.85
425.3,0.912,0.4111,0.5465,1.0194,32.0,11.9,7.68,0.85,849.3,49.43,12.85
243.7,0.7532,0.3364,0.6902,0.7174,24.5,12.2,6.46,0.24,304.6,63.59,11.74
348.5,0.839,0.6356,0.6458,0.9076,23.1,10.6,5.11,0.94,387.4,27.97,12.85
235.0,0.6088,0.136,0.3807,0.4575,35.2,15.5,8.38,1.7,544.3,48.13,11.15
362.9,0.8548,0.2829,0.5771,0.795,25.6,14.0,5.97,2.68,495.3,22.7,12.85
334.8,0.7431,0.3635,0.3206,0.6814,33.9,9.6,8.76,0.92,734.8,43.61,12.85
450.8,0.7348,0.2711,0.3085,0.6271,34.1,14.6,6.89,1.35,995.8,42.8,12.85
311.2,0.7653,0.3432,0.6225,0.7585,32.8,10.9,7.6,0.47,647.9,56.42,12.85
250.4,0.9054,0.4593,0.5358,1.0476,24.4,14.5,8.93,1.56,309.6,50.48,12.85
257.2,0.7393,0.3464,0.3836,0.6691,33.5,14.4,8.89,6.4,553.1,17.3,11.79
418.0,0.7317,0.1977,0.2865,0.6448,32.8,8.7,6.67,0.08,868.2,53.97,12.85
380.7,0.803,0.4193,0.4544,0.8546,30.4,13.3,5.94,3.26,698.8,18.54,12.85
246.3,0.7365,0.3995,0.4648,0.669,26.7,9.6,8.49,1.24,362.6,36.45,12.08
241.9,0.7255,0.3242,0.3828,0.661,25.7,9.7,6.95,0.44,330.8,46.84,11.44
402.3,0.6724,0.3932,0.4224,0.5722,23.7,9.7,5.86,4.65,470.9,10.04,12.85
238.9,0.8595,0.5717,0.5467,0.9519,29.1,13.5,9.07,0.99,409.4,61.65,12.83
433.7,0.7036,0.3797,0.6595,0.6428,30.2,9.1,5.89,0.6,789.0,33.3,12.85
403.6,0.7982,0.3303,0.6838,0.8149,27.0,7.0,5.12,0.3,606.7,27.57,12.85
241.2,0.8976,0.3415,0.5373,1.0076,28.7,13.4,5.09,0.42,401.6,48.16,11.72
242.1,0.8729,0.4082,0.5433,0.8461,27.1,8.5,7.8,2.68,365.2,18.09,12.0
476.5,0.8036,0.367,0.6823,0.7624,31.0,7.9,7.98,1.43,904.2,26.07,12.85
317.3,0.7476,0.5675,0.4805,0.7451,34.6,9.1,6.4,3.67,717.7,12.53,12.85
316.4,0.6982,0.2031,0.6639,0.6056,24.3,10.4,6.44,0.4,389.0,48.07,12.85
431.3,0.7407,0.3238,0.5115,0.727,27.3,11.3,6.53,0.19,661.6,61.7,12.85
466.3,0.81,0.4453,0.5565,0.8641,24.0,7.4,8.06,0.01,558.2,59.12,12.85
476.4,0.7975,0.3307,0.3557,0.79,30.7,15.7,5.26,1.06,893.1,40.12,12.85
415.9,0.8769,0.3848,0.5403,0.9516,32.2,13.4,9.18,9.57,840.2,11.68,12.85
317.8,0.8394,0.4347,0.7163,0.8945,35.0,9.9,6.0,1.78,732.5,21.38,12.85
241.7,0.8194,0.6248,0.5357,0.8655,25.9,9.9,9.5,0.55,336.1,60.35,12.82
422.1,0.8682,0.3816,0.3348,0.8531,35.3,11.0,5.77,3.14,983.5,15.38,12.85
365.2,0.7869,0.1892,0.1653,0.6494,22.9,12.6,8.47,2.28,397.5,32.61,12.85
330.3,0.7315,0.3088,0.4879,0.655,30.4,8.3,6.01,0.02,609.1,48.81,12.85
455.7,0.7371,0.4779,0.5898,0.7052,22.8,8.7,5.36,2.55,492.1,13.16,12.85
248.9,0.6462,0.2447,0.3293,0.5537,34.5,14.7,8.94,0.54,560.4,85.73,12.0
348.1,0.7063,0.5661,0.6545,0.6698,29.4,9.3,8.86,0.24,606.3,66.36,12.85
223.0,0.7133,0.3547,0.4035,0.6238,31.4,10.4,6.82,0.38,431.9,51.29,10.86
341.9,0.8032,0.3669,0.549,0.8011,33.6,14.8,8.16,0.95,739.8,62.17,12.85
234.6,0.6841,0.233,0.6226,0.5596,24.1,13.0,7.51,0.83,284.0,53.2,11.22
250.9,0.736,0.4061,0.5925,0.7139,22.5,10.1,8.84,0.51,264.4,58.92,12.32
250.6,0.8713,0.4848,0.5886,0.8964,34.3,13.2,6.42,0.28,558.9,65.77,12.64
388.8,0.7515,0.4446,0.3305,0.643,26.4,7.2,7.36,2.15,560.2,16.74,12.85
414.0,0.6525,0.2887,0.2682,0.5401,23.8,13.6,7.18,6.92,488.7,12.35,12.85
371.7,0.8223,0.4208,0.6233,0.8539,28.6,11.4,6.59,2.26,615.4,23.05,12.85
470.2,0.7495,0.5075,0.3689,0.6933,30.4,14.3,9.01,0.53,864.0,84.54,12.85
317.5,0.7031,0.2408,0.6214,0.5868,22.4,15.6,5.75,0.42,331.2,63.04,12.85
294.3,0.8813,0.5079,0.5611,1.0068,25.8,15.3,5.67,0.37,407.5,63.57,12.85
445.8,0.8244,0.3927,0.7014,0.8513,22.5,15.2,7.6,0.22,466.3,94.5,12.85
278.1,0.8488,0.3967,0.4386,0.9396,27.9,11.6,7.96,1.2,441.8,41.96,12.85
470.4,0.8888,0.4984,0.369,0.8955,34.5,10.2,5.88,1.39,1060.0,25.13,12.85
223.2,0.8925,0.5728,0.4195,0.915,35.8,11.2,6.76,1.83,530.2,26.68,11.71
472.2,0.744,0.4004,0.4591,0.7456,30.9,13.2,9.26,1.71,893.3,45.13,12.85
231.2,0.829,0.3644,0.4356,0.8211,24.3,15.0,6.11,0.52,283.5,60.17,11.5
451.7,0.7884,0.3815,0.3758,0.7897,34.7,8.9,8.01,0.6,1024.5,44.32,12.85
357.2,0.7913,0.2117,0.3358,0.7051,29.2,15.3,8.33,1.72,615.4,46.81,12.85
478.2,0.6582,0.2835,0.3226,0.5679,24.2,14.3,7.02,0.64,581.1,61.16,12.85
239.2,0.7852,0.1286,0.3708,0.6661,34.9,15.8,9.22,0.36,547.8,107.28,11.69
364.0,0.746,0.2947,0.5855,0.6367,32.6,14.9,8.31,0.7,750.0,72.84,12.85
472.0,0.5734,0.2355,0.3213,0.4165,32.2,9.5,7.06,0.48,955.5,45.53,12.85
356.0,0.5928,0.2847,0.5349,0.4404,31.9,8.0,7.56,0.14,709.5,52.82,12.85
383.6,0.8815,0.6083,0.5451,1.0091,24.8,8.0,8.12,2.66,491.2,17.77,12.85
400.9,0.6517,0.294,0.4232,0.5319,25.0,9.6,7.66,2.88,519.3,19.02,12.85
338.2,0.7974,0.5095,0.4758,0.797,31.6,12.5,8.95,0.37,664.1,81.75,12.85
383.2,0.8085,0.3497,0.7436,0.8452,25.1,14.2,6.61,0.1,501.0,85.48,12.85
371.9,0.8676,0.3795,0.6201,0.8912,28.1,15.1,6.35,2.01,600.3,31.8,12.85
454.3,0.8482,0.2562,0.3917,0.7558,32.9,12.6,5.96,0.36,951.7,55.44,12.85
231.8,0.7454,0.4954,0.386,0.7253,33.0,7.1,5.17,0.75,486.2,20.83,11.16
293.1,0.7819,0.5836,0.5508,0.7613,28.3,8.7,5.19,0.1,479.0,40.99,12.85
467.1,0.8088,0.615,0.5602,0.8277,33.1,7.9,8.92,0.38,985.2,50.84,12.85
451.5,0.7499,0.4809,0.4674,0.7381,33.7,10.3,8.05,2.36,981.5,24.6,12.85
338.5,0.7646,0.6325,0.5411,0.7894,31.2,11.5,7.97,2.45,648.7,26.62,12.85
381.2,0.8626,0.3777,0.5798,0.888,25.2,7.4,7.77,0.35,503.2,42.58,12.85
292.1,0.719,0.2286,0.4808,0.6284,25.8,10.1,8.82,0.61,404.2,55.4,12.85
268.9,0.8739,0.315,0.6274,0.9253,26.4,8.6,7.16,0.22,387.4,50.71,12.46
340.6,0.6257,0.2014,0.1823,0.4772,23.6,12.8,8.92,0.12,396.3,102.5,12.85
311.9,0.7781,0.5758,0.6998,0.8017,25.8,11.2,6.62,7.28,431.1,8.94,12.85
371.8,0.5838,0.1559,0.434,0.4429,24.9,11.5,9.17,1.6,480.8,40.43,12.85
240.2,0.8686,0.2227,0.6607,0.8354,28.4,10.8,8.14,1.17,393.3,40.69,11.67
473.3,0.9025,0.5672,0.6521,1.0186,34.7,15.6,6.16,2.18,1075.3,30.26,12.85
476.4,0.8333,0.3437,0.408,0.8433,23.5,8.9,7.54,2.75,546.1,17.96,12.85
401.5,0.8189,0.4435,0.5863,0.7764,32.1,11.6,7.4,2.47,806.4,24.87,12.85
359.4,0.831,0.2912,0.6596,0.8129,31.6,13.6,5.62,0.03,705.2,74.71,12.85
300.5,0.7248,0.3335,0.564,0.7101,23.3,12.0,7.66,0.31,340.8,70.23,12.85
431.6,0.8164,0.5378,0.6715,0.7605,34.9,15.4,6.42,1.6,989.0,37.97,12.85
398.0,0.8564,0.3626,0.7152,0.9385,30.0,10.4,5.24,0.71,714.8,31.91,12.85
262.3,0.6283,0.2216,0.2446,0.483,27.1,11.2,9.27,6.07,395.8,14.65,11.51
456.8,0.8101,0.3219,0.4509,0.8377,32.6,7.8,7.89,1.64,940.7,23.27,12.85
433.9,0.7492,0.4828,0.4222,0.7474,25.6,12.5,8.95,4.7,590.2,19.57,12.85
466.9,0.8563,0.1841,0.2624,0.7755,31.7,9.6,8.04,0.34,920.3,57.69,12.85
408.7,0.7634,0.5443,0.3988,0.7036,22.6,8.4,6.61,2.99,431.4,13.97,12.85
379.5,0.8655,0.3569,0.6113,0.7833,33.8,11.9,7.31,0.58,825.5,54.99,12.85
328.7,0.8956,0.5969,0.4323,0.9795,28.3,11.8,8.04,6.84,535.0,12.09,12.85
462.5,0.6807,0.2599,0.3716,0.6079,30.9,7.7,9.32,0.26,874.8,56.95,12.85
445.2,0.8721,0.3302,0.411,0.9189,25.1,13.3,6.14,1.09,583.1,39.04,12.85
231.8,0.7149,0.1878,0.3983,0.5972,31.5,12.6,8.94,2.36,451.4,33.54,11.16
226.9,0.7524,0.1682,0.5277,0.6458,32.8,8.7,9.16,0.85,472.1,43.07,10.81
317.9,0.7425,0.4256,0.2128,0.5959,28.6,11.2,8.02,0.95,528.5,46.22,12.85
430.7,0.6441,0.386,0.3526,0.5346,30.6,13.5,9.19,6.44,803.3,16.65,12.85
476.7,0.8982,0.5679,0.336,0.9477,28.4,11.8,6.79,0.83,781.2,43.63,12.85
259.1,0.7728,0.5694,0.6845,0.7873,34.5,10.6,9.29,1.39,583.4,41.04,12.85
374.5,0.6888,0.5276,0.6272,0.6352,29.0,9.9,8.16,0.08,635.5,74.55,12.85
319.0,0.7458,0.3875,0.5902,0.6801,33.8,12.5,5.19,2.77,695.0,17.2,12.85
472.2,0.7304,0.5653,0.4789,0.7305,33.2,15.5,9.08,1.57,1001.9,54.66,12.85
439.0,0.8989,0.5859,0.6518,0.9889,27.7,13.0,7.18,0.78,691.2,52.73,12.85
438.0,0.8293,0.5963,0.7298,0.8979,25.2,7.7,7.07,0.02,579.0,52.96,12.85
341.9,0.8326,0.5303,0.3222,0.8274,27.7,11.1,7.55,1.34,536.2,35.9,12.85
327.9,0.6733,0.1748,0.6475,0.5592,33.6,15.0,5.67,0.02,707.1,83.59,12.85
291.1,0.5592,0.1619,0.2209,0.4104,25.2,7.9,7.11,0.0,383.9,55.72,12.43
234.7,0.8499,0.3113,0.5815,0.8983,29.3,15.9,8.74,1.44,406.9,57.05,12.13
444.8,0.6655,0.3006,0.245,0.5275,33.3,15.5,5.07,0.31,946.8,59.95,12.85
431.4,0.8273,0.422,0.4116,0.7672,26.9,7.7,6.23,0.32,644.8,36.36,12.85
479.9,0.7576,0.3088,0.3531,0.7133,31.0,15.4,5.01,1.59,911.4,29.81,12.85
479.1,0.7856,0.4703,0.3538,0.7607,25.4,10.3,6.87,0.08,643.9,65.16,12.85
364.4,0.6771,0.4882,0.714,0.6113,23.5,14.6,8.28,0.56,420.2,77.28,12.85
419.9,0.6878,0.3997,0.5985,0.5601,33.1,10.8,8.59,0.24,887.0,74.45,12.85
465.6,0.7932,0.5036,0.5605,0.7359,23.4,11.0,9.25,1.3,530.2,44.09,12.85
440.9,0.8773,0.5074,0.4497,0.9241,25.8,12.7,7.74,1.63,608.4,37.45,12.85
284.3,0.8886,0.5397,0.454,1.0226,34.0,14.0,6.15,1.92,624.7,29.45,12.85
337.1,0.8574,0.3937,0.5465,0.9122,26.9,7.3,9.16,0.44,500.7,46.39,12.85
253.6,0.8644,0.6329,0.5311,0.964,35.6,12.3,8.49,0.14,599.0,91.86,12.85
468.1,0.7244,0.5527,0.6577,0.6981,35.7,8.7,7.58,0.12,1110.0,58.63,12.85
377.6,0.7658,0.3214,0.3987,0.7354,25.8,10.1,8.13,0.83,519.4,44.86,12.85
279.4,0.7167,0.4451,0.2284,0.5984,22.6,10.1,9.16,4.37,295.5,17.27,12.61
394.6,0.8803,0.4869,0.6094,0.9411,31.9,11.2,8.21,0.37,784.2,67.29,12.85
380.7,0.7039,0.3137,0.513,0.6506,28.3,10.0,6.66,0.45,621.1,46.11,12.85
313.1,0.7307,0.5429,0.678,0.6855,23.4,8.0,8.21,0.16,357.3,56.4,12.85
249.5,0.8812,0.5486,0.4591,0.8994,31.9,8.3,5.18,1.4,496.7,17.98,12.23
394.6,0.7239,0.4064,0.4894,0.6649,22.4,7.3,6.74,1.71,411.8,18.16,12.85
355.3,0.7352,0.4214,0.6009,0.6479,34.2,11.2,6.83,1.54,788.1,30.14,12.85
420.8,0.8793,0.3779,0.5107,0.9038,23.9,15.6,5.75,2.96,502.5,22.63,12.85
355.2,0.7363,0.2031,0.4754,0.623,23.8,8.0,5.1,1.0,418.6,20.53,12.85
441.6,0.8051,0.587,0.5388,0.8338,24.5,15.5,5.6,0.22,550.2,71.42,12.85
363.5,0.8238,0.272,0.3634,0.7321,35.4,13.6,7.95,0.51,852.2,71.45,12.85
365.8,0.5775,0.2624,0.6173,0.4321,31.7,12.7,8.61,1.63,720.9,41.72,12.85
447.9,0.6769,0.5111,0.3733,0.5897,33.2,12.8,9.45,1.42,950.5,49.9,12.85
324.9,0.7496,0.3928,0.4442,0.7215,27.6,14.4,6.56,1.14,505.8,44.35,12.85
254.8,0.7708,0.4598,0.523,0.7154,26.7,8.0,7.7,1.72,374.8,22.51,12.34
227.5,0.7622,0.3349,0.6359,0.6719,25.3,11.5,9.22,1.52,302.2,42.19,11.56
416.3,0.741,0.563,0.4069,0.6935,28.7,13.3,5.75,3.2,696.5,18.19,12.85
381.3,0.7366,0.3662,0.2836,0.6521,29.7,12.3,8.23,1.32,675.8,43.51,12.85
403.1,0.9066,0.5494,0.6615,1.0531,30.8,14.5,8.4,2.26,759.6,37.32,12.85
275.4,0.8095,0.3937,0.6289,0.8603,25.6,7.7,5.4,0.43,374.5,28.91,12.38
255.5,0.6976,0.5622,0.6162,0.6256,35.3,13.2,8.88,1.7,594.7,43.43,12.85
223.8,0.7566,0.3755,0.41,0.6748,24.4,11.8,8.66,3.49,277.0,22.78,10.69
311.2,0.8999,0.4627,0.668,0.995,35.5,10.4,5.15,0.73,731.8,30.98,12.85
373.4,0.6076,0.1665,0.4137,0.4543,22.2,10.1,5.41,2.27,381.1,16.67,12.85
322.0,0.8433,0.3626,0.4056,0.8329,28.7,12.6,5.22,1.94,538.9,22.39,12.85
333.7,0.8134,0.2924,0.4189,0.7552,26.7,15.0,6.51,0.09,489.5,89.48,12.85
455.1,0.8831,0.4056,0.6058,1.0013,28.3,11.5,7.29,1.31,741.2,36.25,12.85
310.5,0.7425,0.1125,0.3742,0.5889,30.0,14.4,7.4,0.21,558.7,88.21,12.85
353.6,0.7163,0.4722,0.4728,0.658,28.1,10.6,6.2,5.13,569.3,10.75,12.85
423.7,0.7914,0.4381,0.7339,0.8003,27.8,7.9,9.1,2.5,669.9,20.59,12.85
323.1,0.8433,0.2836,0.6624,0.8352,32.3,7.6,6.66,0.17,654.5,42.82,12.85
381.7,0.5955,0.1054,0.2176,0.4497,31.6,7.5,5.2,0.19,748.3,32.51,12.85
444.2,0.743,0.3861,0.7299,0.7531,33.7,10.4,6.35,1.35,962.4,28.12,12.85
466.9,0.6858,0.4432,0.4132,0.6122,25.5,10.0,7.39,0.63,630.3,45.37,12.85
258.2,0.8455,0.5298,0.3682,0.8675,30.5,13.5,6.84,0.05,478.6,87.38,12.85
460.9,0.7448,0.3215,0.516,0.6415,30.2,13.7,6.23,1.17,838.5,39.3,12.85
348.0,0.655,0.3123,0.5316,0.5686,27.2,7.5,5.59,0.74,528.1,24.02,12.85
287.1,0.6938,0.3777,0.4403,0.61,28.8,9.0,8.69,0.16,482.5,67.33,12.85
339.4,0.8585,0.2669,0.2133,0.7453,26.4,9.5,9.48,2.43,488.5,26.19,12.85
474.8,0.8483,0.1583,0.2051,0.7418,24.0,11.9,6.48,3.7,569.1,16.46,12.85
348.1,0.8124,0.5144,0.4731,0.8518,25.0,8.3,6.72,2.12,452.3,17.87,12.85
305.5,0.6246,0.201,0.6097,0.5015,23.5,8.2,7.78,2.59,350.6,17.77,12.76
384.7,0.7129,0.3386,0.3339,0.5944,31.6,15.5,8.23,0.37,752.6,93.39,12.85
282.4,0.7704,0.4557,0.5201,0.7272,31.3,14.2,6.76,0.46,543.7,66.01,12.85
239.7,0.8885,0.4707,0.5502,0.98,35.3,8.6,9.07,0.35,558.8,57.93,12.36
253.5,0.6511,0.1646,0.5867,0.502,32.2,10.7,7.52,2.17,512.5,25.26,11.42
253.3,0.7054,0.5491,0.6265,0.6463,22.7,10.2,7.03,4.43,271.7,13.19,11.72
259.5,0.7461,0.4001,0.2624,0.618,34.4,14.1,7.91,1.89,580.7,38.61,12.75
256.1,0.6106,0.0962,0.3678,0.4571,34.1,11.6,9.29,3.2,565.4,25.64,10.94
386.6,0.5636,0.3866,0.446,0.4145,28.2,8.2,8.58,1.53,626.6,27.66,12.85
267.3,0.8694,0.4484,0.593,0.9566,30.2,13.7,5.18,0.74,486.5,40.74,12.85
309.9,0.7025,0.2481,0.2393,0.5677,35.7,10.6,6.5,0.83,733.3,37.48,12.85
453.2,0.7632,0.2529,0.2494,0.6203,29.5,9.4,7.12,0.12,790.9,59.66,12.85
343.2,0.6903,0.3296,0.5635,0.6069,34.7,10.4,6.42,0.05,778.3,63.54,12.85
393.6,0.7891,0.5603,0.6984,0.8126,23.2,11.5,8.15,1.78,439.3,33.62,12.85
264.8,0.6991,0.3074,0.5316,0.5902,24.7,10.1,8.72,0.87,335.6,47.14,12.44
270.0,0.6864,0.4186,0.3167,0.5997,28.2,9.2,8.29,1.21,436.6,34.5,12.59
230.6,0.7263,0.1891,0.3136,0.5776,30.2,10.6,9.45,1.22,419.4,45.0,11.14
263.9,0.6644,0.5153,0.4588,0.5758,33.4,7.2,6.23,0.49,565.5,30.03,12.25
292.4,0.7707,0.3901,0.4661,0.7404,35.8,14.0,8.94,0.97,697.0,63.33,12.85
266.0,0.8627,0.5246,0.5519,0.8875,27.4,8.5,8.45,0.95,410.8,36.91,12.85
243.1,0.6958,0.4302,0.3278,0.5978,22.7,7.4,6.63,0.74,259.2,28.22,11.48
251.4,0.6686,0.4497,0.4276,0.5622,33.2,12.9,8.3,2.58,533.3,29.9,12.47
339.8,0.764,0.4019,0.56,0.6363,30.5,14.0,5.47,0.9,627.3,40.19,12.85
273.6,0.6628,0.2528,0.6154,0.5628,24.8,14.3,8.55,1.39,349.7,51.3,12.74
314.7,0.5917,0.3547,0.3542,0.448,28.9,11.4,7.4,3.39,532.7,19.28,12.77
350.9,0.8481,0.3316,0.3987,0.9032,32.4,8.8,6.32,3.02,715.5,13.91,12.85
399.5,0.7233,0.3643,0.6407,0.7208,32.8,13.6,7.95,3.32,830.4,25.11,12.85
230.2,0.8909,0.4735,0.4594,1.0275,29.0,13.3,7.89,0.47,391.3,71.25,12.15
427.8,0.8717,0.5947,0.4709,0.9673,26.3,9.2,5.94,0.05,610.7,51.99,12.85
383.3,0.8582,0.4614,0.6063,0.8865,35.6,15.1,5.14,0.45,905.7,53.46,12.85
241.3,0.7077,0.3516,0.7149,0.6659,31.3,7.9,6.95,0.49,465.3,37.04,11.32
447.1,0.698,0.3821,0.6118,0.5928,27.7,15.8,7.56,3.6,702.7,26.04,12.85
459.4,0.8685,0.5752,0.4329,0.9114,25.9,14.7,8.94,1.57,639.8,51.28,12.85
235.9,0.7786,0.3632,0.5999,0.7301,32.2,13.2,9.18,0.13,477.3,107.33,12.54
292.0,0.7389,0.2813,0.5309,0.6785,25.4,15.4,7.38,0.22,391.0,93.59,12.85
429.6,0.8932,0.3654,0.5371,0.9868,24.4,13.5,8.39,0.25,532.9,90.36,12.85
414.5,0.6401,0.4588,0.3409,0.5246,29.4,8.7,6.98,1.49,722.0,24.39,12.85
268.0,0.6665,0.2849,0.6131,0.5602,26.1,11.0,8.36,1.99,376.8,30.64,12.41
274.4,0.8111,0.577,0.5994,0.8635,30.8,7.6,5.92,2.95,516.1,11.47,12.85
316.3,0.5639,0.3685,0.3611,0.4153,23.7,10.5,6.67,4.24,368.6,13.38,12.64
346.0,0.7879,0.274,0.465,0.7496,31.2,13.7,7.85,0.34,663.2,80.27,12.85
380.7,0.717,0.5651,0.4636,0.705,26.0,10.5,5.08,0.56,531.8,34.22,12.85
315.9,0.7439,0.5035,0.6408,0.7058,22.0,10.0,8.25,0.41,316.0,58.26,12.85
340.3,0.7431,0.595,0.3866,0.6948,23.8,12.4,8.76,0.67,400.7,64.96,12.85
414.3,0.8312,0.2012,0.3428,0.7592,35.1,14.8,6.8,3.69,955.9,21.51,12.85
229.5,0.6525,0.2554,0.4225,0.5473,34.1,7.4,7.02,1.28,508.3,22.82,10.57
285.6,0.8214,0.4342,0.4885,0.8703,25.3,10.5,8.83,2.01,379.1,30.71,12.85
405.5,0.8607,0.3301,0.5312,0.8813,32.9,8.4,8.49,1.01,847.3,35.58,12.85
452.8,0.8981,0.5256,0.6392,0.9356,30.5,13.3,6.3,0.04,838.5,79.97,12.85
353.0,0.688,0.2856,0.3019,0.548,35.6,8.0,6.46,0.1,832.9,46.7,12.85
358.3,0.6793,0.2962,0.3287,0.5224,27.2,13.0,8.05,1.16,545.8,48.46,12.85
247.9,0.7723,0.6275,0.5278,0.8009,31.5,9.6,7.53,1.9,484.3,24.85,12.7
336.3,0.657,0.3654,0.5208,0.5572,22.9,8.8,5.73,0.36,366.2,36.93,12.85
358.5,0.8854,0.293,0.3695,0.9354,27.5,15.4,6.39,1.92,557.3,33.79,12.85
283.0,0.634,0.4606,0.3261,0.4875,35.5,7.2,9.05,2.5,665.0,18.55,12.85
290.0,0.8634,0.5084,0.6903,0.9138,29.5,10.9,8.1,0.8,508.8,49.31,12.85
318.1,0.7427,0.5827,0.5854,0.7478,26.0,7.2,9.44,2.06,446.3,22.2,12.85
225.2,0.7059,0.5054,0.4107,0.6469,23.7,11.4,8.45,0.78,263.1,54.01,11.63
303.7,0.699,0.1449,0.2636,0.5653,31.8,11.5,9.24,1.7,602.9,39.36,12.85
275.0,0.7307,0.4249,0.5043,0.6824,31.0,9.9,5.97,2.17,523.2,18.67,12.63
305.1,0.8395,0.4662,0.411,0.8876,27.2,8.2,8.47,7.23,464.9,8.43,12.85
251.1,0.7644,0.2844,0.5587,0.7006,35.3,10.4,5.09,0.64,585.5,32.33,11.42
451.5,0.7439,0.593,0.5908,0.7432,22.3,13.1,8.02,0.79,465.6,58.33,12.85
374.3,0.7957,0.4341,0.383,0.7916,26.3,14.0,7.11,0.27,533.5,78.53,12.85
396.6,0.8399,0.5035,0.4381,0.9124,34.9,11.8,6.56,0.34,907.9,57.56,12.85
425.2,0.785,0.393,0.4455,0.7701,26.5,12.3,8.88,1.77,616.2,39.42,12.85
349.6,0.6202,0.1207,0.2426,0.4813,25.5,8.8,8.84,3.73,473.1,16.45,12.59
242.6,0.7883,0.2518,0.6239,0.714,29.5,9.6,5.1,0.75,424.0,27.89,11.06
359.6,0.8232,0.3443,0.2658,0.7356,33.5,8.5,7.74,0.3,774.4,50.47,12.85
372.6,0.7683,0.3895,0.6279,0.7869,23.4,9.2,6.66,0.5,426.4,40.92,12.85
413.8,0.7292,0.5669,0.6616,0.705,35.2,9.0,6.87,0.91,960.1,32.45,12.85
332.2,0.8844,0.6062,0.6231,0.9511,33.1,11.7,8.74,0.52,702.0,67.38,12.85
253.2,0.8147,0.4516,0.467,0.7488,24.5,12.1,6.39,0.4,317.4,55.14,12.34
293.8,0.8313,0.3609,0.5111,0.7418,32.0,15.5,9.24,2.0,586.6,47.81,12.85
314.4,0.8311,0.4501,0.604,0.8707,27.4,8.8,5.81,0.01,483.8,50.29,12.85
387.9,0.7784,0.3491,0.6335,0.7332,27.6,12.8,7.98,1.16,606.4,47.16,12.85
368.4,0.6621,0.1811,0.501,0.541,33.0,14.4,8.02,2.37,772.4,34.2,12.85
312.6,0.7484,0.4193,0.4834,0.7134,35.5,12.0,6.13,0.46,733.9,50.45,12.85
476.5,0.6565,0.2466,0.3747,0.5036,23.8,9.3,6.46,1.39,561.0,25.16,12.85
377.5,0.7857,0.5252,0.5045,0.7139,27.9,9.4,8.76,1.66,599.8,30.85,12.85
281.7,0.6843,0.5645,0.387,0.6035,28.7,7.4,8.43,1.6,471.3,23.87,12.85
246.5,0.7237,0.269,0.2369,0.5979,27.3,9.7,6.48,0.89,376.3,33.51,11.39
259.7,0.7262,0.5161,0.4953,0.7274,27.1,13.7,7.4,0.64,391.8,61.91,12.85
283.9,0.6892,0.1964,0.4797,0.5693,22.7,7.4,5.28,2.71,304.7,10.56,11.84
261.8,0.8301,0.4197,0.2833,0.7251,31.6,9.0,5.94,2.13,513.0,17.02,12.35
268.5,0.6767,0.505,0.5665,0.554,28.1,13.4,7.19,0.58,432.5,60.7,12.85
294.1,0.8373,0.4724,0.683,0.8841,24.7,14.0,5.39,0.16,374.3,65.05,12.85
265.1,0.7135,0.4708,0.5289,0.6351,33.4,11.1,8.79,0.11,567.9,87.79,12.85
453.2,0.8856,0.5779,0.3914,0.9265,33.2,13.3,8.23,0.15,962.3,95.19,12.85
240.9,0.7981,0.1601,0.4637,0.6542,28.8,10.5,9.25,1.31,404.9,41.97,11.52
356.4,0.5877,0.4102,0.5706,0.4347,26.2,8.4,8.12,0.08,505.3,63.48,12.85
326.7,0.8336,0.3436,0.6297,0.8109,30.9,10.6,9.23,0.62,618.6,60.45,12.85
475.4,0.7337,0.5377,0.4324,0.7192,26.0,12.2,7.5,2.1,667.2,29.56,12.85
249.1,0.8559,0.587,0.5158,0.9403,25.3,15.5,7.7,0.52,331.4,78.54,12.85
323.4,0.6609,0.3114,0.4814,0.5166,32.2,7.6,9.4,2.16,654.2,22.64,12.85
472.1,0.7284,0.3095,0.472,0.6727,22.6,11.6,7.89,2.05,498.7,29.9,12.85
445.0,0.8086,0.5181,0.5557,0.8573,23.3,10.0,5.14,0.42,504.1,35.96,12.85
432.4,0.8062,0.2819,0.3973,0.7565,22.1,11.6,8.26,1.96,436.5,32.32,12.85
287.1,0.8671,0.5954,0.6496,0.9513,24.1,7.2,9.07,2.07,348.5,21.36,12.85
264.4,0.8625,0.1893,0.2417,0.7693,23.0,9.8,8.58,0.76,290.0,47.86,12.29
393.8,0.8538,0.5731,0.6359,0.9456,35.9,14.4,7.63,0.35,942.9,80.97,12.85
461.6,0.7638,0.398,0.4703,0.7573,26.0,12.0,8.02,1.1,648.3,45.67,12.85
364.8,0.7288,0.4698,0.7521,0.7266,24.1,11.1,9.46,3.82,441.0,21.71,12.85
368.6,0.7091,0.3095,0.5698,0.6647,25.4,9.6,5.41,1.53,493.0,20.45,12.85
292.8,0.6839,0.3972,0.5116,0.588,35.1,9.7,8.0,0.28,676.5,60.31,12.85
420.1,0.7565,0.6338,0.5546,0.7711,29.3,10.4,6.28,1.72,726.0,24.09,12.85
268.6,0.6935,0.5269,0.625,0.5857,27.1,14.5,7.88,0.84,405.8,62.33,12.85
304.2,0.8124,0.2416,0.3335,0.7529,34.2,15.7,7.73,1.34,676.1,51.84,12.85
330.6,0.705,0.4336,0.636,0.662,27.5,10.9,5.69,1.99,513.4,20.86,12.85
352.0,0.7616,0.3729,0.4788,0.7559,26.7,10.5,5.93,1.09,517.1,29.98,12.85
283.0,0.8003,0.573,0.4713,0.845,24.9,14.6,7.8,2.52,365.2,32.36,12.85
249.9,0.8437,0.3658,0.3791,0.7645,27.3,10.8,5.58,1.92,382.0,20.7,11.95
378.8,0.8126,0.6264,0.4648,0.8456,26.4,12.0,6.19,1.43,546.7,30.48,12.85
295.0,0.8043,0.3159,0.4783,0.8213,31.5,9.1,8.76,0.25,574.8,63.86,12.85
371.1,0.5933,0.1966,0.4233,0.4444,26.1,13.7,6.47,2.71,521.6,23.88,12.85
260.1,0.7423,0.228,0.3434,0.6669,30.1,11.8,7.2,4.12,470.3,16.56,11.27
345.1,0.7719,0.4214,0.5168,0.686,22.9,14.3,9.24,0.22,376.9,108.02,12.85
358.5,0.6224,0.3008,0.4056,0.5076,24.7,14.0,6.02,1.0,454.5,42.13,12.85
233.5,0.898,0.4451,0.4984,1.0453,27.7,8.9,6.75,0.45,366.6,41.63,11.67
307.5,0.8037,0.4907,0.5609,0.8034,35.1,13.4,7.73,2.11,710.9,33.44,12.85
254.9,0.9014,0.3415,0.6044,0.9933,27.3,14.2,8.4,1.92,389.6,40.87,12.77
236.5,0.7696,0.3721,0.589,0.798,31.3,10.1,9.06,0.23,456.3,74.62,11.78
477.4,0.6506,0.2387,0.3374,0.5496,25.6,8.6,9.12,3.14,647.9,18.82,12.85
303.8,0.85,0.3913,0.4083,0.9134,23.8,7.0,8.49,0.3,357.8,45.92,12.85
430.6,0.6747,0.4575,0.4508,0.5867,22.8,11.1,6.03,2.39,465.9,19.64,12.85
286.2,0.852,0.5469,0.504,0.9299,26.3,10.2,5.11,0.92,408.6,27.14,12.85
397.2,0.6107,0.1496,0.2454,0.4785,24.2,12.0,6.73,0.6,484.9,50.53,12.85
417.7,0.7641,0.6559,0.7188,0.7849,24.4,8.7,5.64,0.26,519.4,38.94,12.85
374.9,0.6462,0.2382,0.53,0.5222,32.7,14.7,8.2,0.28,774.1,94.73,12.85
342.6,0.8841,0.2768,0.3603,0.8593,22.2,9.3,7.98,1.63,350.2,28.3,12.85
327.1,0.7014,0.4154,0.4303,0.6636,29.8,9.0,5.2,1.2,582.5,21.36,12.85
310.7,0.6987,0.2143,0.3292,0.611,27.3,11.3,8.76,0.2,475.8,83.05,12.85
461.7,0.8287,0.4853,0.5401,0.8378,29.1,11.5,6.12,0.18,789.1,59.62,12.85
436.0,0.683,0.4364,0.65,0.5986,29.9,8.9,6.95,0.11,779.5,55.78,12.85
470.9,0.8452,0.5984,0.5573,0.8932,26.4,9.4,8.01,2.04,677.5,24.86,12.85
252.3,0.6311,0.3359,0.5331,0.507,26.1,8.5,6.93,1.87,356.6,20.62,11.58
410.0,0.8257,0.3505,0.4531,0.6985,32.3,13.5,6.99,0.09,831.0,86.28,12.85
464.0,0.688,0.3956,0.3299,0.5831,34.2,13.9,5.3,1.23,1029.9,33.04,12.85
267.1,0.756,0.2821,0.662,0.701,24.7,11.2,6.81,0.13,339.1,67.07,12.76
237.3,0.8445,0.1529,0.2669,0.7551,23.4,13.4,8.44,3.51,269.7,25.13,10.84
412.7,0.8202,0.4738,0.4772,0.7695,34.6,13.6,9.12,3.56,931.4,27.21,12.85
369.4,0.891,0.4127,0.4225,0.8917,26.9,8.2,6.86,1.8,550.3,20.22,12.85
438.9,0.7067,0.1116,0.5616,0.56,29.7,15.7,6.91,3.91,777.6,22.08,12.85
256.3,0.8273,0.5764,0.5659,0.8304,27.0,14.4,8.16,2.5,385.4,33.53,12.85
426.8,0.7886,0.6162,0.7149,0.8178,23.8,8.8,9.24,2.65,501.9,22.42,12.85
272.4,0.7774,0.4256,0.2157,0.6634,30.3,8.7,6.2,1.26,497.2,23.75,12.61
262.6,0.8289,0.3873,0.3994,0.8361,29.4,8.1,6.98,0.55,455.6,36.66,12.39
262.7,0.7344,0.5568,0.5345,0.6998,24.8,8.2,8.58,0.37,337.4,51.71,12.85
431.8,0.8818,0.2282,0.5814,0.8818,28.3,13.7,7.74,0.59,704.9,66.7,12.85
393.0,0.7059,0.4589,0.3848,0.6634,33.2,11.2,5.5,1.49,831.4,24.83,12.85
356.0,0.6719,0.3696,0.526,0.58,30.3,14.0,7.82,0.28,650.3,85.58,12.85
313.3,0.7297,0.4862,0.627,0.6693,23.4,13.7,5.84,0.45,355.8,55.29,12.85
448.1,0.6568,0.2449,0.3087,0.4978,29.7,12.4,7.3,0.95,791.8,46.63,12.85
322.0,0.7068,0.3891,0.3796,0.6634,31.8,13.2,7.38,0.4,638.9,69.57,12.85
432.3,0.8623,0.3555,0.7248,0.9072,33.1,7.2,8.94,1.33,912.1,27.47,12.85
334.2,0.8353,0.1577,0.4738,0.7042,30.8,9.8,7.08,3.85,628.5,14.32,12.72
318.0,0.8224,0.3314,0.2954,0.7758,24.1,12.7,6.26,2.07,386.0,25.99,12.85
340.3,0.7595,0.3836,0.6939,0.7812,31.9,7.1,6.04,1.65,678.6,16.16,12.85
298.4,0.8859,0.2716,0.6338,0.8889,31.5,7.3,8.93,1.31,581.3,28.21,12.85
414.4,0.7494,0.3127,0.4579,0.6965,22.3,14.7,5.77,1.0,428.5,42.23,12.85
350.7,0.7146,0.6336,0.4502,0.7009,27.8,13.2,6.92,0.31,552.9,69.48,12.85
280.4,0.7177,0.6227,0.5383,0.6824,26.7,9.4,5.84,3.38,411.1,12.53,12.43
453.9,0.774,0.5165,0.3377,0.746,31.4,13.2,8.48,0.43,879.3,78.3,12.85
319.8,0.9001,0.4122,0.4846,1.0095,25.0,14.1,7.13,0.14,416.6,88.17,12.85
361.3,0.7403,0.5031,0.7191,0.7356,30.3,9.8,6.58,2.08,660.2,20.86,12.85
455.7,0.7393,0.4168,0.3044,0.6749,34.8,7.3,6.62,0.29,1038.3,37.62,12.85
382.3,0.867,0.268,0.5144,0.8717,33.2,15.4,8.83,0.7,809.3,80.12,12.85
250.4,0.8659,0.2384,0.5452,0.8471,34.9,10.1,7.49,0.04,573.4,72.59,12.3
464.4,0.7369,0.3799,0.5545,0.7424,35.7,8.0,8.23,0.22,1100.5,53.64,12.85
383.2,0.7542,0.5033,0.6003,0.7343,22.1,11.4,9.04,0.29,388.9,80.34,12.85
307.1,0.6079,0.1964,0.5707,0.4617,30.7,13.9,9.06,0.08,574.8,116.29,12.85
256.2,0.731,0.5491,0.75,0.7207,27.8,9.0,6.48,1.6,404.3,22.38,12.43
426.4,0.7492,0.5025,0.499,0.6926,34.0,9.4,9.29,2.72,939.8,23.52,12.85
381.2,0.6941,0.3881,0.2266,0.5486,25.5,9.2,5.11,0.7,515.6,27.6,12.85
358.7,0.7921,0.4612,0.4684,0.7679,35.7,15.9,6.7,3.11,851.4,25.92,12.85
452.4,0.8064,0.3964,0.291,0.763,30.6,8.8,9.03,0.36,841.1,58.28,12.85
425.0,0.8219,0.3821,0.636,0.8756,33.1,12.2,6.24,0.59,897.2,47.75,12.85
259.4,0.651,0.4608,0.5025,0.5253,23.2,15.3,6.23,0.25,290.5,76.68,12.56
301.0,0.7823,0.3977,0.6786,0.7986,24.6,8.3,6.36,1.45,378.4,21.58,12.85
284.6,0.6872,0.398,0.6351,0.6193,32.6,15.7,7.76,0.82,586.8,67.18,12.85
413.4,0.7141,0.3375,0.4549,0.5674,22.3,15.5,6.97,1.43,426.2,44.64,12.85
228.7,0.7948,0.4972,0.4822,0.8413,33.4,15.0,8.27,2.15,490.3,39.27,12.11
368.2,0.7394,0.468,0.3466,0.684,22.2,8.9,9.03,1.18,375.4,36.92,12.85
418.2,0.7154,0.3017,0.2595,0.615,31.2,12.7,8.03,1.48,803.0,41.13,12.85
448.0,0.7164,0.4089,0.5879,0.6457,27.1,13.8,5.92,4.11,676.9,16.06,12.85
308.9,0.8633,0.5858,0.4342,0.9495,30.6,15.9,9.2,0.53,573.4,95.24,12.85
433.5,0.7388,0.4903,0.5073,0.6472,31.7,8.6,6.19,0.67,856.0,32.01,12.85
248.8,0.8446,0.2863,0.5845,0.7624,26.8,13.9,5.67,1.9,368.0,27.21,11.86
440.1,0.7465,0.1479,0.238,0.6207,23.5,10.0,5.4,1.42,506.6,22.47,12.85
253.1,0.7444,0.3948,0.3787,0.653,23.0,8.6,7.54,0.29,277.8,49.93,12.05
323.3,0.7671,0.3882,0.6701,0.7667,30.2,10.8,5.51,0.71,589.9,34.83,12.85
427.3,0.6605,0.3346,0.5048,0.5739,29.3,14.1,5.62,0.95,738.8,40.88,12.85
259.0,0.7017,0.1756,0.5057,0.5872,32.4,11.2,6.35,0.82,528.1,39.12,11.55
279.6,0.6508,0.1864,0.2988,0.5191,29.1,11.8,6.27,0.29,479.1,57.31,12.02
407.8,0.7447,0.3246,0.4607,0.6601,27.9,16.0,7.72,3.87,649.0,25.27,12.85
407.2,0.7866,0.443,0.4199,0.8224,27.6,10.6,8.68,2.16,634.2,29.12,12.85
386.7,0.8692,0.224,0.6483,0.8407,22.4,12.5,8.43,0.98,401.0,53.23,12.85
400.4,0.8676,0.5288,0.627,0.9825,26.7,10.3,6.18,1.71,588.5,23.47,12.85
361.1,0.8021,0.4514,0.4874,0.7708,35.7,10.5,6.1,3.41,854.5,14.57,12.85
285.5,0.729,0.5051,0.3951,0.6105,34.2,13.3,9.35,0.22,634.6,101.62,12.85
309.9,0.9086,0.3861,0.627,1.0482,26.6,15.4,5.04,0.43,452.8,54.3,12.85
267.2,0.8589,0.288,0.3907,0.8547,30.2,11.9,8.96,1.17,487.1,48.97,12.85
456.2,0.8438,0.5828,0.4044,0.8843,33.9,13.9,5.9,2.41,997.3,24.09,12.85
371.7,0.7274,0.4743,0.4424,0.7293,28.2,7.8,9.26,0.06,601.3,68.48,12.85
324.2,0.7494,0.2647,0.2307,0.6057,22.3,8.9,6.54,6.2,332.4,8.08,12.58
340.1,0.7106,0.4281,0.2326,0.5725,23.0,11.5,6.98,0.91,375.6,42.1,12.85
466.3,0.8638,0.3066,0.5127,0.9226,29.1,7.2,8.18,0.67,799.5,35.23,12.85
259.9,0.7088,0.442,0.3057,0.6053,35.6,9.3,7.64,0.52,612.6,46.67,12.47
372.4,0.7874,0.4794,0.4859,0.6839,31.7,11.7,6.43,0.29,733.9,58.23,12.85
351.5,0.7897,0.2121,0.3944,0.6495,23.0,7.1,7.49,2.35,386.4,15.95,12.85
379.0,0.684,0.1558,0.4278,0.5285,24.7,9.4,8.29,4.67,479.4,13.72,12.85
224.7,0.9131,0.6218,0.5524,1.0305,32.8,11.6,5.19,0.8,467.4,33.51,11.65
446.8,0.8715,0.2268,0.4799,0.7819,33.8,12.2,5.05,4.57,973.0,11.03,12.85
462.4,0.8379,0.3746,0.317,0.8226,30.6,15.3,7.06,2.6,862.2,30.04,12.85
366.9,0.8968,0.5639,0.5803,0.957,31.0,12.8,5.59,0.98,698.0,36.11,12.85
401.1,0.8653,0.4976,0.6427,0.857,22.4,10.7,7.99,1.68,417.0,31.98,12.85
459.8,0.7426,0.2168,0.332,0.5925,33.6,15.4,5.96,0.86,993.2,49.38,12.85
403.9,0.7367,0.5263,0.7164,0.7194,33.0,14.1,6.95,1.23,849.6,43.87,12.85
259.7,0.6641,0.089,0.5355,0.5058,25.6,8.8,5.89,0.09,353.8,47.56,11.45
369.8,0.795,0.36,0.645,0.8096,31.9,8.2,7.47,1.79,736.8,21.91,12.85
377.7,0.8533,0.3454,0.574,0.9369,25.0,13.1,5.52,0.08,491.4,66.81,12.85
330.3,0.6578,0.464,0.4943,0.5655,22.6,12.0,5.1,2.55,348.9,17.32,12.85
411.5,0.7987,0.2614,0.3865,0.7755,24.8,14.1,5.23,2.61,527.3,20.42,12.85
462.9,0.8749,0.4117,0.3915,0.8854,24.5,13.6,9.29,0.41,578.7,90.23,12.85
460.6,0.7249,0.4191,0.4864,0.644,26.7,12.6,5.64,0.59,678.5,44.89,12.85
337.2,0.8928,0.6323,0.6199,1.0144,27.9,15.9,8.19,0.98,534.8,65.51,12.85
249.4,0.8422,0.6324,0.6273,0.9158,29.1,11.8,5.31,1.36,427.0,26.51,12.61
476.1,0.7449,0.2843,0.3402,0.6609,28.7,8.0,5.49,0.51,793.8,29.17,12.85
438.1,0.6998,0.4361,0.6957,0.6438,25.8,14.5,7.29,1.35,604.1,44.91,12.85
252.4,0.8137,0.5753,0.752,0.8685,22.4,9.3,7.09,0.53,262.7,42.95,12.69
459.4,0.7754,0.4596,0.4796,0.806,30.5,14.0,9.28,0.09,848.6,119.66,12.85
446.2,0.6578,0.4849,0.4947,0.5751,27.5,15.6,9.25,0.0,693.4,143.91,12.85
354.9,0.8606,0.3555,0.6314,0.8557,26.2,13.3,8.51,0.16,503.3,97.34,12.85
373.7,0.8018,0.3832,0.5436,0.7255,34.1,12.4,7.71,2.36,827.3,28.39,12.85
323.7,0.8364,0.4007,0.4394,0.9161,32.5,11.1,7.05,4.88,662.2,13.35,12.85
234.2,0.7376,0.1778,0.2467,0.6131,34.0,10.3,6.6,0.84,515.5,36.98,10.87
307.2,0.8,0.4213,0.4273,0.7859,28.9,10.2,9.26,1.08,520.0,45.35,12.85
428.7,0.6342,0.3876,0.435,0.5179,23.8,12.7,7.71,0.24,507.3,79.28,12.85
221.2,0.6815,0.3821,0.4184,0.5719,31.7,13.8,7.61,1.2,436.8,47.55,11.1
306.7,0.7296,0.2704,0.2948,0.6529,24.9,13.1,6.04,0.23,395.2,64.17,12.85
323.5,0.8567,0.5532,0.4377,0.9625,28.2,8.8,5.21,1.42,523.4,18.94,12.85
359.7,0.602,0.3722,0.4912,0.4517,22.9,11.4,9.25,4.06,392.5,20.93,12.85
459.2,0.6772,0.5661,0.3935,0.6087,33.6,14.1,6.41,0.33,989.7,68.27,12.85
310.0,0.61,0.276,0.5093,0.4637,23.8,11.3,6.99,2.17,364.7,24.89,12.85
310.2,0.8755,0.2964,0.5217,0.7939,34.6,11.8,5.52,0.04,702.4,63.0,12.85
411.8,0.7277,0.2702,0.4038,0.6562,34.1,13.9,8.77,0.71,909.9,71.62,12.85
337.6,0.8872,0.4974,0.5235,0.9151,28.5,13.0,5.12,0.18,557.1,56.43,12.85
278.4,0.8044,0.3688,0.2629,0.7243,32.4,10.7,8.75,0.65,568.5,56.61,12.85
337.6,0.8705,0.2421,0.6252,0.8353,30.7,15.1,5.63,0.29,630.4,65.95,12.85
256.6,0.6723,0.1553,0.3605,0.5287,33.2,8.5,8.99,0.7,545.1,44.73,11.56
265.9,0.693,0.3809,0.2816,0.5896,28.0,16.0,8.28,0.81,426.6,73.02,12.85
349.6,0.8965,0.5065,0.4489,1.0386,33.0,8.1,5.74,0.54,734.2,30.16,12.85
328.9,0.8377,0.5524,0.6953,0.916,28.5,7.1,7.55,1.6,541.9,20.68,12.85
457.9,0.7584,0.2117,0.498,0.6786,35.2,15.0,6.41,3.77,1061.0,20.17,12.85
314.2,0.8093,0.5508,0.4565,0.7989,28.8,9.2,5.8,0.77,528.2,30.21,12.85
371.0,0.8923,0.3617,0.6898,1.018,28.5,13.6,8.87,0.32,611.2,91.1,12.85
384.4,0.7118,0.1675,0.156,0.5543,33.0,14.3,6.82,0.47,806.9,66.14,12.85
223.4,0.7502,0.4547,0.4146,0.7441,33.5,14.7,6.79,2.89,480.4,25.75,11.47
392.5,0.9053,0.6476,0.6917,1.0537,29.8,15.9,5.76,1.27,697.2,40.41,12.85
266.3,0.8414,0.276,0.5533,0.7282,24.5,9.6,6.72,0.91,333.3,33.95,12.27
469.9,0.7611,0.3269,0.5918,0.6455,28.5,13.4,8.92,0.24,777.6,96.12,12.85
258.7,0.7303,0.6032,0.4463,0.7313,35.6,8.0,6.63,0.9,609.2,28.13,12.62
327.8,0.7341,0.3529,0.6183,0.6806,32.5,10.7,9.28,0.49,673.4,66.43,12.85
242.2,0.6328,0.0811,0.3769,0.4752,33.4,14.6,9.26,4.3,517.2,25.55,10.73
479.2,0.7736,0.3026,0.4418,0.6828,22.5,10.3,5.65,3.23,501.2,13.77,12.85
350.6,0.7397,0.3111,0.4344,0.6741,28.6,12.3,5.8,0.13,580.2,63.13,12.85
374.8,0.9082,0.5939,0.6978,1.0007,31.1,11.5,8.88,1.09,714.1,49.0,12.85
237.4,0.7654,0.4753,0.6375,0.7571,33.6,12.8,6.77,0.38,513.4,62.73,12.01
415.0,0.7393,0.624,0.4466,0.7497,22.7,15.8,5.02,0.79,443.6,44.1,12.85
274.6,0.7093,0.295,0.2799,0.6069,33.9,7.5,6.23,3.14,602.3,11.29,11.39
453.5,0.6883,0.2707,0.3932,0.6182,29.7,12.2,7.69,1.12,801.7,44.03,12.85
273.3,0.7209,0.3502,0.6991,0.6615,24.8,14.8,8.6,0.61,348.8,78.84,12.85
269.6,0.8598,0.5324,0.5324,0.8425,26.4,11.3,5.6,0.35,389.3,47.03,12.85
229.5,0.61,0.3503,0.3411,0.4763,25.9,7.7,5.5,2.42,320.1,12.4,10.56
342.7,0.9075,0.4809,0.6544,1.0647,29.4,12.0,9.15,1.47,597.5,44.63,12.85
366.9,0.799,0.5036,0.425,0.831,22.7,10.0,8.38,0.95,393.4,43.0,12.85
237.1,0.8613,0.2892,0.4339,0.868,24.2,8.4,7.65,0.37,289.7,46.97,11.47
421.6,0.9033,0.3227,0.6847,0.9684,33.4,14.6,8.46,0.61,901.4,76.94,12.85
337.9,0.7517,0.2755,0.2597,0.6481,23.9,11.7,6.93,4.82,400.6,13.92,12.85
356.3,0.8251,0.4486,0.3388,0.8188,25.3,15.4,8.41,1.1,472.8,61.66,12.85
334.6,0.7943,0.5237,0.6955,0.7973,28.3,14.3,6.67,0.77,547.0,53.8,12.85
324.2,0.7525,0.5444,0.4751,0.7031,29.2,13.2,6.1,1.11,558.9,38.34,12.85
365.5,0.913,0.5432,0.6458,1.0796,32.7,7.0,8.28,2.26,756.3,17.87,12.85
260.4,0.8746,0.4504,0.5494,0.9179,28.3,10.9,6.89,0.62,423.4,46.04,12.69
267.3,0.7368,0.3002,0.5917,0.6567,33.1,8.8,9.42,0.3,562.9,63.81,12.56
444.1,0.8335,0.4083,0.5132,0.8778,30.7,15.2,6.57,1.32,828.5,43.07,12.85
466.0,0.6556,0.474,0.2237,0.525,23.6,8.6,9.15,1.64,539.8,29.68,12.85
317.1,0.7154,0.4001,0.4543,0.6309,24.2,9.6,9.2,1.87,386.5,30.68,12.85
290.4,0.6618,0.4734,0.6345,0.5588,28.1,11.7,6.09,3.21,468.1,16.87,12.38
387.4,0.713,0.5048,0.422,0.6354,27.6,9.4,8.59,0.7,602.7,47.47,12.85
326.3,0.8149,0.3621,0.6007,0.8469,32.4,8.9,6.95,0.12,665.9,55.27,12.85
226.6,0.7256,0.5648,0.3548,0.6604,30.1,12.4,9.13,4.77,410.8,19.61,11.31
260.6,0.8505,0.4871,0.5677,0.9128,27.4,7.8,7.03,0.86,402.2,29.52,12.51
406.2,0.8254,0.5324,0.6257,0.826,24.4,7.5,8.35,1.46,503.2,25.49,12.85
391.3,0.6746,0.2293,0.5798,0.5733,25.2,10.4,7.1,1.65,515.6,27.77,12.85
227.0,0.8138,0.4467,0.4585,0.8497,30.1,13.5,6.03,1.19,410.0,37.17,11.58
277.7,0.6519,0.4224,0.5189,0.5315,27.9,12.0,5.9,0.34,442.3,52.6,12.71
280.1,0.6429,0.3128,0.3075,0.5194,29.2,10.8,6.91,2.11,482.0,24.02,12.54
394.7,0.6865,0.3211,0.6066,0.6113,24.4,12.1,8.4,2.44,489.0,29.5,12.85
225.1,0.6274,0.1797,0.4987,0.5074,31.3,10.3,7.72,1.21,434.1,35.99,10.46
247.1,0.7085,0.3501,0.3523,0.5515,33.9,15.4,8.1,1.01,542.0,62.28,12.31
428.0,0.8288,0.3141,0.3695,0.846,25.6,7.5,6.27,0.18,582.5,39.77,12.85
266.4,0.7508,0.2643,0.3381,0.7,28.9,13.1,7.17,0.13,449.8,82.72,12.85
389.7,0.7952,0.2504,0.5945,0.7525,35.7,15.0,5.2,0.62,922.0,48.15,12.85
281.9,0.7955,0.4543,0.6228,0.8419,26.7,14.2,8.68,0.56,413.5,79.27,12.85
245.9,0.7303,0.3699,0.6441,0.6803,30.3,8.7,9.45,4.61,450.7,14.6,11.33
283.2,0.7684,0.5055,0.5532,0.7808,23.3,9.7,6.83,2.3,319.0,20.03,12.85
407.8,0.7514,0.198,0.4005,0.6288,30.5,13.5,5.05,1.62,753.8,25.95,12.85
442.5,0.8602,0.4009,0.3628,0.8829,23.3,7.8,5.76,1.09,498.0,21.36,12.85
435.9,0.822,0.4228,0.4221,0.8741,35.4,14.3,7.94,0.27,1021.2,89.07,12.85
323.3,0.8676,0.4387,0.5474,0.8988,32.0,13.5,7.75,5.76,647.2,15.46,12.85
393.7,0.7108,0.3746,0.5331,0.6725,33.0,13.6,8.55,0.71,828.1,67.99,12.85
273.3,0.7933,0.2548,0.31,0.7343,31.9,7.9,6.14,0.17,542.7,41.5,12.61
296.2,0.8156,0.4138,0.2465,0.6958,30.3,13.5,8.44,1.02,540.8,56.18,12.85
453.0,0.891,0.2779,0.6952,0.9078,28.3,13.1,8.1,3.11,738.4,25.86,12.85
223.4,0.7185,0.3517,0.5328,0.6367,34.0,14.5,6.45,3.27,491.8,21.86,10.46
242.2,0.7792,0.3761,0.5847,0.7992,35.4,7.4,7.45,0.02,566.7,54.08,11.96
274.1,0.7778,0.3452,0.5377,0.6854,29.0,7.2,5.66,3.26,465.5,9.58,11.46
226.9,0.9059,0.5316,0.6814,1.0589,35.0,10.4,7.04,0.48,522.8,49.4,11.74
267.2,0.8333,0.3766,0.7448,0.91,30.2,8.3,8.97,0.06,485.4,70.56,12.85
371.6,0.787,0.417,0.3607,0.6983,29.5,12.0,6.9,2.82,651.7,21.69,12.85
329.6,0.7032,0.2414,0.5477,0.6095,28.4,15.3,8.78,2.99,539.3,33.55,12.85
452.1,0.7882,0.486,0.7318,0.8187,24.9,10.5,7.66,1.36,584.6,34.13,12.85
432.5,0.8432,0.4898,0.6694,0.9303,22.1,14.6,5.86,1.28,434.8,37.53,12.85
308.9,0.8359,0.4479,0.3615,0.814,25.4,7.0,7.61,2.52,413.3,15.17,12.85
287.5,0.6232,0.3189,0.3093,0.5107,29.1,8.5,7.28,2.31,492.6,18.7,12.58
318.7,0.7836,0.4618,0.4963,0.7507,27.3,7.3,6.79,3.31,488.3,11.46,12.85
373.5,0.749,0.6047,0.5553,0.725,28.3,10.0,5.54,1.21,608.0,24.98,12.85
289.7,0.8416,0.4161,0.2529,0.7803,35.7,15.2,6.88,5.15,687.4,16.97,12.85
382.3,0.7985,0.626,0.6488,0.8112,26.9,7.9,5.33,8.34,569.7,4.49,12.85
326.4,0.8558,0.0948,0.4901,0.7342,28.3,12.5,5.44,0.19,533.1,57.19,12.85
363.5,0.6936,0.0975,0.4497,0.5441,23.9,11.1,6.87,2.84,431.5,19.79,12.85
333.4,0.6418,0.4006,0.5982,0.5404,22.7,15.4,6.37,1.04,355.8,48.28,12.85
296.6,0.7805,0.2783,0.4972,0.7124,32.9,8.1,9.16,0.74,618.5,42.79,12.85
466.6,0.8768,0.3993,0.288,0.8448,30.0,8.9,6.69,1.42,839.4,24.59,12.85
418.5,0.8916,0.336,0.4388,0.9177,32.6,7.3,8.41,0.09,864.3,56.25,12.85
256.4,0.775,0.2443,0.4749,0.6982,24.1,10.9,7.39,1.06,310.2,39.12,11.96
445.8,0.8264,0.1586,0.2392,0.7374,30.0,9.5,8.17,3.07,802.7,19.06,12.85
346.7,0.8812,0.3769,0.645,0.8498,25.6,14.8,6.17,0.36,469.9,67.27,12.85
452.6,0.7663,0.4147,0.6783,0.7922,25.2,12.4,9.24,0.83,597.1,62.7,12.85
428.0,0.7683,0.4561,0.4368,0.7069,22.2,12.5,7.39,4.21,434.9,17.77,12.85
330.6,0.8168,0.2297,0.427,0.7847,23.8,11.8,8.74,0.84,390.9,56.01,12.85
225.8,0.6885,0.5901,0.6959,0.6235,26.3,7.8,6.64,0.67,323.6,31.21,11.35
289.9,0.8969,0.4665,0.6094,1.0429,23.6,11.0,5.45,0.87,337.3,32.06,12.85
360.8,0.6136,0.2644,0.3566,0.4899,35.8,16.0,8.03,1.1,858.8,61.2,12.85
384.7,0.8328,0.3789,0.4542,0.8593,26.3,14.5,5.03,1.5,550.9,29.24,12.85
287.1,0.7109,0.5778,0.4816,0.6723,23.8,15.0,7.14,2.42,339.4,31.4,12.85
256.2,0.7581,0.2892,0.5774,0.7264,24.8,14.4,5.87,0.9,327.6,44.44,12.02
437.1,0.61,0.3965,0.5681,0.4646,30.2,7.9,7.82,2.55,796.7,17.46,12.85
475.9,0.6861,0.3976,0.549,0.6327,22.9,9.0,9.41,1.14,518.6,39.69,12.85
356.7,0.7661,0.3694,0.5412,0.6283,34.1,7.0,7.09,0.62,787.3,30.76,12.85
264.6,0.6787,0.4843,0.3553,0.6128,35.5,9.7,8.68,1.61,620.9,32.37,12.85
290.8,0.8203,0.4352,0.5432,0.8487,25.5,8.0,7.29,1.9,391.3,20.06,12.85
224.8,0.7597,0.3399,0.487,0.6548,28.3,11.3,7.23,1.22,366.4,36.58,11.09
457.7,0.8394,0.5847,0.4656,0.9013,22.3,13.1,9.19,0.09,471.9,110.62,12.85
250.6,0.6782,0.3807,0.3458,0.5242,31.0,14.9,9.0,0.28,475.4,104.67,12.44
369.9,0.8813,0.497,0.6221,0.982,27.8,13.7,8.54,0.5,584.2,78.01,12.85
291.3,0.7509,0.301,0.3627,0.6914,25.8,15.4,6.33,0.5,401.4,65.3,12.85
364.1,0.7162,0.1819,0.2704,0.6026,24.9,7.5,7.45,1.68,469.5,20.83,12.85
389.4,0.6385,0.4563,0.3114,0.5009,31.2,7.1,6.01,0.03,745.9,41.56,12.85
435.7,0.7495,0.5248,0.7405,0.7615,27.8,13.0,7.0,2.11,689.6,29.11,12.85
273.7,0.7187,0.4289,0.3322,0.5764,24.5,9.6,7.18,0.46,342.5,47.14,12.71
222.9,0.7828,0.5078,0.3004,0.6816,31.6,9.3,8.74,0.56,437.9,52.13,11.59
255.6,0.8145,0.2977,0.6077,0.7595,29.9,10.0,9.03,1.13,457.8,42.39,12.31
454.0,0.857,0.3905,0.6179,0.8887,34.0,9.4,6.87,0.36,999.8,47.43,12.85
447.2,0.8876,0.5277,0.3623,0.9247,23.6,11.6,5.08,3.24,520.8,13.91,12.85
375.3,0.759,0.3858,0.6203,0.6348,33.0,11.0,8.88,0.13,788.2,85.83,12.85
376.1,0.8045,0.5283,0.3336,0.7318,31.4,11.6,5.78,0.88,730.8,35.7,12.85
392.9,0.6104,0.2081,0.4258,0.4861,23.6,13.1,7.8,2.84,456.2,26.51,12.85
265.6,0.711,0.1584,0.4297,0.5957,31.7,10.5,5.11,1.44,524.0,22.01,11.5
457.7,0.7976,0.5088,0.6857,0.7488,28.2,9.3,6.8,0.52,740.7,41.46,12.85
328.9,0.7743,0.5341,0.4202,0.7666,35.2,8.5,9.44,0.82,764.0,44.07,12.85
319.6,0.836,0.1906,0.4693,0.7573,24.0,10.1,5.45,1.84,383.0,19.48,12.85
354.9,0.7661,0.2235,0.4347,0.6953,31.0,13.7,6.91,5.43,674.3,14.68,12.85
232.2,0.7228,0.393,0.3902,0.6417,27.3,13.8,6.38,3.35,356.4,20.24,10.8
263.2,0.8186,0.6449,0.5103,0.8853,35.4,13.0,9.07,0.63,615.8,72.43,12.85
411.9,0.8347,0.646,0.432,0.912,26.6,9.1,8.91,9.48,602.2,7.75,12.85
241.5,0.7012,0.4395,0.5345,0.6684,35.5,12.3,6.07,0.01,566.9,74.22,12.23
376.8,0.6321,0.359,0.4584,0.51,34.6,12.1,5.37,0.04,852.4,62.49,12.85
283.8,0.6623,0.4626,0.1862,0.5147,25.8,11.4,7.82,2.6,391.2,24.65,12.85
321.2,0.7256,0.3141,0.3821,0.6325,33.2,11.9,6.51,0.33,682.6,58.36,12.85
295.1,0.7035,0.5283,0.5111,0.5963,35.9,11.4,8.02,0.09,706.3,83.81,12.85
312.5,0.8461,0.3048,0.6432,0.8446,25.5,12.1,5.14,0.41,423.0,44.23,12.85
407.0,0.8223,0.5217,0.4291,0.859,28.1,13.4,5.6,0.83,655.8,41.06,12.85
297.3,0.9086,0.6318,0.6049,1.0409,29.3,8.0,8.09,1.97,513.7,21.77,12.85
367.3,0.8105,0.4443,0.4997,0.8498,26.1,13.7,5.96,1.47,518.9,33.16,12.85
343.8,0.7392,0.3923,0.4607,0.6577,22.2,8.2,8.86,0.41,351.1,51.78,12.85
392.6,0.8538,0.3002,0.6417,0.8975,25.1,7.6,5.26,1.05,513.5,19.52,12.85
463.6,0.6271,0.3262,0.3962,0.514,25.9,15.8,5.97,3.91,646.6,19.19,12.85
410.5,0.5804,0.3453,0.5796,0.4316,28.2,15.6,9.49,2.53,665.4,41.98,12.85
275.9,0.7434,0.3773,0.5589,0.7186,24.4,7.5,6.95,0.59,342.0,33.06,12.5
228.1,0.676,0.3277,0.3168,0.5177,34.2,11.0,8.16,6.05,507.0,12.73,10.62
288.2,0.6676,0.243,0.4874,0.5744,31.9,8.7,5.82,1.85,572.6,17.73,12.23
374.7,0.8501,0.3922,0.3471,0.8076,23.2,11.4,7.74,0.1,419.4,80.27,12.85
233.4,0.728,0.424,0.4152,0.6944,31.1,14.5,8.27,0.05,445.8,113.55,12.45
349.1,0.8838,0.6134,0.4487,0.9702,31.2,15.6,6.42,0.28,668.5,78.17,12.85
375.2,0.6661,0.3657,0.6491,0.5577,35.4,12.7,8.73,1.95,877.4,37.58,12.85
306.9,0.8516,0.3674,0.6626,0.9184,22.0,10.2,7.72,0.3,308.2,60.24,12.85
420.4,0.6439,0.2356,0.4162,0.5305,25.5,12.4,6.75,1.07,566.4,40.45,12.85
247.7,0.6574,0.4811,0.3193,0.5669,35.0,9.8,7.51,0.15,569.5,64.22,12.56
239.5,0.8756,0.5405,0.4205,0.946,35.0,15.2,7.6,3.81,552.1,24.01,11.94
409.3,0.7994,0.3442,0.4105,0.8053,32.1,14.8,5.74,0.63,822.3,52.21,12.85
348.8,0.7261,0.3786,0.6455,0.7276,32.7,12.0,6.81,3.58,722.8,17.88,12.85
399.0,0.7338,0.4781,0.4407,0.6255,23.3,9.9,6.55,4.35,450.1,12.15,12.85
333.1,0.7087,0.4494,0.5299,0.6624,29.2,9.6,6.8,0.01,572.7,65.0,12.85
284.1,0.7617,0.4765,0.647,0.7321,25.2,7.3,8.42,0.94,376.2,31.77,12.85
433.0,0.8373,0.3793,0.743,0.9103,24.5,14.3,7.17,0.04,542.8,99.14,12.85
427.8,0.7817,0.4635,0.2222,0.6699,33.3,11.1,9.23,3.59,913.2,22.23,12.85
400.6,0.8642,0.5505,0.6348,0.93,23.9,9.9,6.32,1.1,476.4,29.94,12.85
290.8,0.7174,0.3318,0.6037,0.6617,28.6,11.2,6.87,0.12,481.5,69.15,12.85
373.5,0.769,0.5117,0.6192,0.6804,35.1,14.4,8.54,0.18,864.2,104.42,12.85
313.9,0.7632,0.3898,0.3291,0.7114,24.6,8.1,7.46,0.73,395.5,35.1,12.85
243.8,0.7486,0.3686,0.4106,0.6654,35.7,14.7,7.46,4.23,577.6,21.02,11.47
458.5,0.7606,0.4708,0.4417,0.7256,35.9,15.1,5.24,1.77,1096.7,28.51,12.85
255.6,0.7365,0.513,0.4317,0.7326,29.8,15.5,6.79,3.03,454.4,26.14,12.05
467.1,0.6703,0.4014,0.5598,0.5986,24.4,10.6,6.22,0.68,578.3,39.04,12.85
336.0,0.8061,0.5462,0.4694,0.8053,26.4,9.0,9.5,0.07,484.6,79.75,12.85
268.1,0.6954,0.3749,0.6873,0.625,27.9,10.4,6.39,5.49,427.5,10.19,11.61
360.9,0.6176,0.1465,0.5053,0.4663,26.3,10.0,8.98,0.03,517.2,87.49,12.85
447.0,0.7101,0.2291,0.2879,0.5982,25.9,8.6,8.04,4.42,622.6,12.73,12.85
410.4,0.6628,0.5198,0.3862,0.5793,35.6,12.5,6.53,0.69,969.0,48.2,12.85
429.7,0.8274,0.4775,0.4987,0.7692,24.1,11.3,7.45,0.02,522.0,82.8,12.85
391.3,0.8418,0.3896,0.4511,0.7553,32.3,14.8,8.78,1.75,793.0,47.19,12.85
400.0,0.6872,0.4435,0.4721,0.6122,22.0,7.3,8.98,5.91,400.2,9.47,12.85
440.8,0.7613,0.3777,0.6736,0.6801,30.3,12.8,5.72,5.06,808.7,12.09,12.85
284.9,0.6439,0.2633,0.5357,0.5254,34.8,13.9,6.53,0.26,650.3,71.66,12.7
347.3,0.6719,0.5542,0.5976,0.5871,26.0,13.8,6.51,0.3,487.2,69.27,12.85
277.5,0.8523,0.48,0.4969,0.7554,24.6,15.0,5.19,1.25,349.6,34.53,12.85
476.8,0.7375,0.5208,0.4702,0.7388,31.1,13.6,7.69,1.52,911.8,41.37,12.85
465.5,0.8182,0.4171,0.6372,0.8672,32.0,15.4,8.85,2.02,929.8,45.01,12.85
230.3,0.7901,0.5488,0.6481,0.7926,31.6,10.0,6.72,0.3,452.0,51.65,11.71
403.4,0.67,0.2221,0.3704,0.5297,26.5,11.5,8.33,4.79,583.8,16.58,12.85
460.6,0.7111,0.5376,0.4218,0.6801,25.5,7.1,7.82,1.53,623.2,22.07,12.85
266.9,0.9112,0.352,0.6432,1.0347,35.4,7.1,6.69,2.82,624.2,12.38,12.29
367.7,0.8034,0.3403,0.705,0.8247,34.9,9.2,5.63,1.17,842.9,23.84,12.85
458.0,0.6544,0.3549,0.4395,0.5144,28.4,7.9,8.19,0.8,751.3,35.94,12.85
228.8,0.7361,0.5227,0.4296,0.6994,33.8,9.3,8.85,5.67,499.9,12.39,11.07
401.3,0.7646,0.4974,0.5341,0.7704,28.3,8.6,8.09,1.31,655.5,30.1,12.85
297.3,0.8693,0.5048,0.3914,0.9005,27.9,7.3,5.08,3.02,474.0,9.16,12.46
460.3,0.8333,0.3753,0.3641,0.8533,24.2,15.2,5.97,4.6,561.4,16.21,12.85
472.5,0.8,0.28,0.3686,0.7621,28.0,7.1,5.31,1.69,754.5,13.98,12.85
465.5,0.7021,0.3455,0.4521,0.6352,29.5,13.6,7.57,1.19,815.8,46.98,12.85
343.3,0.7641,0.1337,0.3494,0.6186,22.3,8.4,8.4,0.01,354.1,69.97,12.85
444.1,0.8544,0.4622,0.7047,0.8883,28.2,15.2,5.5,0.06,720.3,78.79,12.85
439.6,0.5734,0.4055,0.1815,0.4277,32.9,15.0,8.77,0.34,920.4,98.7,12.85
303.0,0.8944,0.2997,0.5152,0.9072,31.5,12.9,7.5,0.31,591.4,73.84,12.85
435.5,0.6149,0.3869,0.5878,0.4979,30.9,13.1,8.1,0.44,822.8,73.4,12.85
229.6,0.7333,0.3504,0.4338,0.6807,34.7,7.0,9.37,0.55,522.0,42.73,11.28
375.0,0.6206,0.3727,0.4802,0.4821,22.3,15.9,5.38,0.67,384.5,51.09,12.85
279.8,0.8382,0.5887,0.4945,0.8708,29.8,14.9,9.06,0.82,498.0,74.2,12.85
251.3,0.9118,0.3211,0.5146,1.0328,33.0,15.1,5.57,0.16,528.4,72.5,12.8
240.0,0.6517,0.4322,0.4147,0.5196,29.6,12.9,6.77,0.06,421.9,82.2,12.3
401.0,0.612,0.1133,0.2406,0.4689,26.5,10.1,8.83,1.68,582.9,33.28,12.85
308.4,0.647,0.1324,0.4933,0.5117,23.9,15.0,9.08,1.16,367.2,63.34,12.85
408.4,0.8857,0.3921,0.5768,0.9977,34.4,9.6,7.28,0.88,916.0,37.24,12.85
237.0,0.7135,0.3496,0.4762,0.6505,28.6,12.1,7.67,1.51,393.2,36.89,11.58
302.0,0.7006,0.3594,0.4155,0.6245,34.3,7.9,8.19,2.64,673.2,17.77,12.85
360.3,0.661,0.1501,0.2601,0.5202,30.2,15.3,8.75,0.84,655.8,72.84,12.85
425.6,0.7275,0.5022,0.5561,0.6876,31.4,8.3,5.55,1.54,827.3,18.07,12.85
302.9,0.7379,0.4859,0.5087,0.7322,33.3,9.0,8.65,4.6,643.9,13.92,12.85
382.7,0.7801,0.4316,0.6826,0.7951,31.2,12.0,7.17,2.75,735.9,23.0,12.85
450.4,0.8844,0.4544,0.3672,0.9392,27.6,13.9,7.03,0.83,701.3,53.21,12.85
380.1,0.7046,0.2884,0.4142,0.5614,29.2,12.6,6.91,1.55,653.5,34.03,12.85
280.6,0.8447,0.3407,0.2823,0.7389,33.2,9.1,7.29,0.29,596.0,51.28,12.85
226.3,0.7244,0.227,0.6008,0.5776,27.2,7.0,9.25,1.23,344.7,29.04,10.86
446.2,0.7606,0.2098,0.5531,0.6659,27.4,13.8,7.47,5.97,688.7,14.8,12.85
225.5,0.8513,0.4032,0.3878,0.7548,23.3,15.9,9.29,1.1,255.7,70.33,12.09
447.4,0.7777,0.1862,0.2809,0.6888,34.8,14.3,5.81,3.94,1020.3,16.81,12.85
357.5,0.8608,0.3002,0.4449,0.8388,23.3,11.1,8.26,0.78,403.1,51.56,12.85
464.2,0.7533,0.3976,0.4371,0.7663,31.1,15.1,8.66,10.15,885.4,11.75,12.85
427.7,0.6837,0.4028,0.5144,0.6213,27.8,10.7,8.06,1.3,675.1,37.46,12.85
479.5,0.8998,0.3871,0.555,1.0174,27.7,11.7,7.73,0.06,751.7,85.13,12.85
311.2,0.6967,0.6178,0.6791,0.6514,31.5,11.3,7.54,1.33,607.2,36.63,12.85
419.5,0.7017,0.1669,0.2555,0.5656,22.9,11.0,8.87,0.48,458.9,66.06,12.85
324.5,0.8406,0.6125,0.6297,0.8836,30.3,14.0,8.7,0.05,594.2,115.82,12.85
344.8,0.8615,0.2042,0.2787,0.81,32.8,11.7,5.55,2.58,717.4,18.21,12.85
383.2,0.7852,0.2832,0.377,0.7731,33.6,9.9,8.82,0.48,827.4,58.54,12.85
447.2,0.673,0.4265,0.2855,0.5713,24.4,9.3,6.86,2.39,553.9,18.88,12.85
475.9,0.7778,0.5919,0.5719,0.8149,34.6,7.3,6.14,0.51,1073.7,29.85,12.85
419.8,0.8689,0.2379,0.3529,0.8177,31.2,12.2,8.91,0.32,805.3,82.46,12.85
328.6,0.8631,0.4254,0.3212,0.8135,34.3,9.1,6.94,5.47,734.3,9.73,12.85
329.6,0.8327,0.3839,0.7037,0.9042,28.8,8.3,8.64,0.67,553.4,43.02,12.85
411.8,0.7568,0.411,0.2997,0.6078,29.6,12.9,6.19,1.38,724.2,33.49,12.85
282.1,0.8534,0.5722,0.7153,0.8987,34.9,13.1,5.02,1.41,645.0,27.31,12.85
248.7,0.8441,0.3081,0.5324,0.8878,34.6,13.8,7.23,1.23,562.1,44.58,12.13
312.2,0.7426,0.4174,0.682,0.7356,28.3,11.5,5.45,3.69,508.1,13.4,12.8
294.7,0.7341,0.3976,0.6887,0.7389,25.8,15.0,8.39,1.68,407.9,47.07,12.85
297.0,0.8355,0.5506,0.6216,0.917,27.5,15.4,6.24,0.78,460.5,54.24,12.85
280.7,0.5825,0.1942,0.3879,0.4343,27.4,14.3,7.0,2.97,433.1,25.11,12.36
230.9,0.8421,0.4378,0.5075,0.9027,26.0,12.7,5.39,0.3,323.7,52.77,11.46
224.6,0.7915,0.3965,0.69,0.7844,25.8,9.7,6.29,1.18,309.1,28.1,11.15
476.8,0.8513,0.3724,0.5147,0.8845,34.1,15.8,8.52,4.51,1051.6,24.49,12.85
331.2,0.6709,0.2533,0.5304,0.5346,23.0,9.5,5.68,1.47,363.6,21.75,12.85
319.9,0.6832,0.4537,0.49,0.6255,31.5,8.8,7.91,2.55,623.4,19.68,12.85
396.7,0.7964,0.5676,0.5316,0.8457,24.4,11.0,9.13,1.59,492.7,38.7,12.85
276.7,0.8408,0.4061,0.5457,0.9163,26.8,7.5,8.06,2.74,410.2,16.17,12.85
467.0,0.7249,0.4786,0.3819,0.6524,22.9,15.8,8.65,4.34,507.2,25.62,12.85
424.4,0.8195,0.1787,0.4248,0.6853,25.8,12.3,5.49,0.48,584.9,45.67,12.85
243.2,0.6546,0.4563,0.3511,0.5523,32.8,12.0,6.13,0.28,504.9,57.56,11.78
328.6,0.8031,0.4295,0.574,0.8338,34.4,12.9,9.03,0.99,735.7,58.44,12.85
448.6,0.8032,0.3663,0.5327,0.8131,25.1,11.5,8.22,1.82,587.7,33.49,12.85
465.6,0.7429,0.4864,0.419,0.6801,28.5,7.3,7.88,0.39,767.8,41.41,12.85
341.5,0.6588,0.4426,0.6035,0.5087,28.6,12.5,7.99,0.01,566.4,99.31,12.85
379.5,0.8755,0.5144,0.4084,0.8735,34.2,13.4,6.86,0.63,843.6,56.62,12.85
263.4,0.7211,0.3507,0.4321,0.6519,32.7,10.8,5.2,5.2,544.7,9.01,11.3
477.7,0.8667,0.3877,0.6348,0.9697,29.2,13.8,8.53,1.78,820.8,42.38,12.85
280.2,0.7377,0.5941,0.684,0.7013,31.4,9.0,8.05,0.77,543.4,41.16,12.85
465.1,0.6607,0.2634,0.6232,0.5524,33.9,9.0,7.13,0.32,1016.9,48.52,12.85
388.9,0.7017,0.4558,0.3445,0.6342,22.1,8.5,9.05,0.66,394.1,46.07,12.85
378.0,0.6829,0.2653,0.2803,0.5361,27.6,10.3,6.51,0.28,591.2,52.68,12.85
353.3,0.812,0.376,0.7103,0.8725,34.7,14.6,6.32,0.17,802.0,79.14,12.85
280.0,0.8493,0.4171,0.5086,0.8144,32.4,14.5,8.93,3.56,570.2,28.3,12.85
265.9,0.7008,0.4001,0.4439,0.6263,29.6,10.4,8.59,9.08,468.0,8.9,11.94
277.3,0.8119,0.5488,0.325,0.7575,29.4,12.3,7.32,0.27,483.0,70.94,12.85
268.5,0.7906,0.5869,0.7091,0.7892,26.9,13.5,5.59,0.08,399.2,69.52,12.85
422.7,0.8383,0.516,0.6218,0.865,29.3,9.2,5.97,0.6,730.7,34.2,12.85
311.0,0.8786,0.6139,0.4012,0.9489,31.2,8.5,7.95,0.93,596.4,35.1,12.85
235.0,0.7014,0.2825,0.6581,0.594,27.9,15.7,6.73,0.34,372.7,78.91,11.47
472.0,0.8721,0.369,0.5689,0.8374,32.0,12.6,8.76,0.54,943.8,71.56,12.85
449.8,0.6402,0.2619,0.2067,0.5012,34.1,15.8,9.27,0.34,992.1,109.89,12.85
461.2,0.8297,0.5458,0.4773,0.849,24.2,10.0,8.63,2.23,561.1,26.79,12.85
478.7,0.8648,0.3286,0.462,0.7417,28.3,13.3,6.7,1.87,781.3,31.11,12.85
265.2,0.7782,0.366,0.6861,0.7551,27.7,9.0,8.55,1.51,416.7,30.65,12.62
323.0,0.9073,0.345,0.7392,1.0408,31.6,9.4,6.58,0.73,633.9,35.48,12.85
417.1,0.8569,0.6328,0.6539,0.9434,25.5,11.6,5.75,3.6,563.1,14.53,12.85
401.0,0.7123,0.2588,0.337,0.6371,31.0,9.9,5.15,5.24,760.4,8.16,12.85
260.0,0.8805,0.3575,0.5075,0.8903,34.3,8.5,6.74,0.29,579.4,44.56,12.21
432.1,0.6036,0.238,0.2725,0.4565,27.9,9.4,9.07,0.38,685.1,61.6,12.85
278.4,0.9088,0.4348,0.3823,0.9962,34.8,7.3,6.08,1.12,633.4,21.0,12.81
278.2,0.8588,0.615,0.5821,0.9338,35.9,13.3,5.93,0.14,665.0,69.17,12.85
359.6,0.6679,0.486,0.5568,0.5507,23.5,11.4,9.36,0.86,413.0,57.53,12.85
374.2,0.807,0.3391,0.4582,0.7649,25.3,7.8,5.11,1.31,496.2,17.39,12.85
370.8,0.8931,0.5214,0.4224,1.0046,35.3,8.5,8.54,1.11,864.2,34.61,12.85
243.8,0.8377,0.359,0.4609,0.9045,35.4,7.9,6.45,0.6,570.9,31.87,11.64
448.1,0.7986,0.3542,0.6217,0.7127,23.4,12.5,5.17,1.17,509.4,29.77,12.85
289.1,0.697,0.5368,0.4261,0.6314,22.2,7.8,9.13,4.78,295.1,12.39,12.8
253.7,0.7785,0.2294,0.3711,0.6745,24.3,13.8,5.63,0.35,310.9,57.66,11.74
451.1,0.6236,0.3523,0.215,0.4804,35.9,7.2,7.48,1.6,1080.1,20.71,12.85
468.5,0.734,0.4762,0.7048,0.7313,24.5,9.2,6.23,0.07,586.5,54.03,12.85
444.2,0.8174,0.4071,0.5373,0.8578,29.0,15.0,5.29,0.1,756.6,72.06,12.85
430.5,0.7123,0.3373,0.4142,0.6799,33.9,13.5,5.22,1.2,941.8,31.93,12.85
390.4,0.7341,0.1497,0.3924,0.5882,22.3,7.7,5.52,0.17,401.5,36.24,12.85
363.2,0.7124,0.4182,0.5595,0.6901,30.5,14.4,5.32,0.03,670.6,74.06,12.85
242.6,0.8714,0.3186,0.6581,0.8695,25.9,11.4,8.42,0.28,336.7,75.13,12.0
326.2,0.6997,0.2103,0.5392,0.6042,34.1,14.6,7.19,1.25,720.0,46.73,12.85
316.9,0.7763,0.4774,0.5639,0.7434,26.0,12.4,6.54,1.82,442.7,28.76,12.85
287.5,0.7388,0.4839,0.1983,0.6032,31.6,13.1,6.88,0.34,564.0,67.5,12.85
408.1,0.7687,0.5297,0.6188,0.7658,31.4,15.9,9.18,1.66,793.3,55.12,12.85
348.9,0.7322,0.5145,0.5172,0.6847,25.1,9.1,9.1,0.3,457.1,63.52,12.85
241.1,0.8774,0.2447,0.3303,0.8068,22.5,12.6,8.22,1.43,252.8,42.75,11.78
277.2,0.8237,0.2547,0.5573,0.7327,27.7,11.1,8.98,0.8,436.1,55.71,12.85
397.6,0.6629,0.267,0.4038,0.5353,26.0,7.4,6.44,1.59,558.6,18.28,12.85
239.8,0.6471,0.4653,0.258,0.497,33.3,7.1,6.71,7.96,511.4,5.34,10.72
441.3,0.6764,0.3438,0.3781,0.6087,33.2,8.1,7.76,4.17,935.8,12.13,12.85
348.7,0.7515,0.5275,0.51,0.7501,28.4,12.8,7.81,0.01,571.9,99.61,12.85
345.0,0.5569,0.1786,0.2693,0.4037,30.5,12.1,7.17,3.25,637.9,20.41,12.52
374.0,0.6347,0.2297,0.5381,0.483,30.5,12.0,6.8,0.1,690.4,73.88,12.85
434.4,0.8271,0.4663,0.3499,0.828,33.6,7.3,9.44,4.59,937.5,12.31,12.85
310.4,0.8913,0.5904,0.6889,0.9967,28.0,11.2,8.7,0.5,495.1,65.21,12.85
396.3,0.6735,0.5056,0.3372,0.5698,25.9,15.3,6.96,0.72,549.1,61.9,12.85
367.1,0.7117,0.2457,0.547,0.6205,25.7,10.6,8.27,0.14,503.3,76.49,12.85
289.4,0.8932,0.2919,0.3596,0.948,29.5,12.6,6.21,0.18,506.7,66.55,12.85
448.4,0.7765,0.2784,0.3405,0.6902,28.3,14.0,5.45,1.95,730.4,25.94,12.85
427.3,0.558,0.4114,0.2402,0.4059,28.2,14.1,6.59,4.33,690.6,17.36,12.85
391.2,0.7951,0.4809,0.641,0.8054,23.3,11.7,6.81,1.42,441.1,32.93,12.85
441.2,0.7996,0.3533,0.5329,0.7936,32.1,14.7,5.07,1.89,885.0,25.87,12.85
445.5,0.7889,0.327,0.4592,0.7687,25.0,10.5,8.67,2.15,578.8,28.92,12.85
404.2,0.8622,0.5832,0.444,0.9241,24.8,15.0,6.62,0.46,515.6,68.09,12.85
437.6,0.8193,0.6185,0.6809,0.8353,27.8,9.2,7.61,0.07,690.5,65.21,12.85
401.3,0.7636,0.235,0.2349,0.6586,25.2,9.5,5.33,0.0,529.3,50.64,12.85
396.8,0.8756,0.4056,0.3061,0.8533,30.2,7.5,5.79,0.65,721.2,26.27,12.85
380.8,0.6352,0.3771,0.4849,0.4962,27.2,14.2,9.0,0.41,578.9,90.13,12.85
415.7,0.7369,0.4897,0.2548,0.6095,28.3,10.8,7.74,0.1,677.0,75.9,12.85
261.2,0.7192,0.4232,0.5153,0.6792,29.5,9.1,9.28,0.3,457.7,64.82,12.72
449.0,0.736,0.3726,0.5691,0.728,24.8,9.1,9.49,0.2,577.0,71.92,12.85
446.7,0.8751,0.3667,0.638,0.9932,24.2,15.1,6.67,3.7,544.1,21.48,12.85
227.6,0.7485,0.404,0.4829,0.7154,34.3,14.5,6.34,0.23,508.1,75.02,11.45
434.7,0.7299,0.2949,0.3075,0.6126,28.1,12.0,8.86,1.16,698.7,49.23,12.85
253.5,0.6001,0.447,0.4115,0.4572,27.8,12.5,9.49,1.35,399.8,50.71,12.62
307.1,0.8653,0.4498,0.5038,0.9445,22.5,11.3,7.83,1.18,322.4,40.56,12.85
413.3,0.7376,0.4545,0.4305,0.6918,29.0,10.5,8.58,0.16,701.5,78.07,12.85
261.8,0.7584,0.3886,0.4358,0.7285,29.8,15.2,8.52,0.58,464.9,82.37,12.85
432.7,0.845,0.4946,0.7184,0.9004,29.8,8.1,6.6,0.08,771.2,49.73,12.85
436.4,0.8771,0.5308,0.4076,0.9436,31.9,10.8,7.58,0.76,868.3,46.51,12.85
351.9,0.7729,0.6075,0.5663,0.7841,24.5,10.1,8.75,0.31,439.4,67.28,12.85
221.7,0.6262,0.3267,0.467,0.4757,25.5,11.5,8.1,1.24,299.9,41.56,10.96
294.6,0.8378,0.5925,0.6337,0.8808,33.4,11.1,5.1,1.77,629.0,20.45,12.85
380.4,0.7759,0.5802,0.5604,0.7915,35.3,11.7,6.52,1.14,884.8,35.54,12.85
475.1,0.7682,0.1801,0.2865,0.6818,23.9,8.3,5.65,0.85,565.5,25.17,12.85
384.3,0.7378,0.4465,0.5607,0.7013,29.0,11.6,6.05,0.73,652.0,40.5,12.85
287.5,0.8282,0.3309,0.3422,0.7713,25.0,9.2,9.07,2.76,373.8,22.13,12.85
384.8,0.7395,0.3873,0.7207,0.7457,22.8,8.7,5.17,0.37,417.2,32.62,12.85
360.4,0.761,0.0823,0.3567,0.6148,26.6,7.6,5.99,1.99,524.6,15.2,12.85
422.8,0.8105,0.3869,0.338,0.8026,24.0,13.9,6.39,2.13,507.8,28.36,12.85
247.8,0.8572,0.1891,0.2866,0.7722,31.9,10.8,7.78,0.82,494.1,46.47,11.71
417.9,0.8838,0.5018,0.6409,0.9582,29.5,12.6,7.4,0.53,730.1,61.19,12.85
360.7,0.7159,0.3722,0.3948,0.5943,24.0,13.5,5.98,0.95,433.4,41.48,12.85
470.4,0.7984,0.3533,0.5335,0.7106,22.1,13.1,5.74,0.15,476.5,65.63,12.85
308.9,0.6898,0.3365,0.5181,0.6142,33.3,11.2,6.07,0.07,658.4,63.65,12.85
384.5,0.9166,0.4309,0.4755,1.0709,24.5,10.5,7.26,0.18,479.3,64.7,12.85
462.3,0.7617,0.3799,0.3019,0.6575,30.5,10.4,6.22,0.31,854.7,49.27,12.85
246.7,0.7637,0.4367,0.5114,0.6448,26.7,12.8,9.26,1.05,363.0,57.6,12.62
463.7,0.909,0.4131,0.4012,1.0184,30.2,11.5,7.09,2.84,843.7,21.15,12.85
398.9,0.8663,0.5321,0.4494,0.877,26.4,14.6,5.26,0.4,575.1,54.94,12.85
237.6,0.829,0.4604,0.6068,0.8942,23.2,14.9,8.28,4.1,266.6,24.13,11.67
298.3,0.7171,0.2198,0.385,0.5899,25.1,8.5,6.48,4.65,391.3,9.79,11.87
404.1,0.8083,0.3667,0.4782,0.8114,24.6,8.2,7.94,4.79,510.5,11.29,12.85
237.5,0.7218,0.2312,0.3887,0.6124,28.0,12.7,6.26,2.73,379.8,21.29,11.03
371.4,0.6896,0.1672,0.395,0.5605,31.2,9.7,7.57,0.68,713.6,43.79,12.85
309.9,0.9078,0.4377,0.5216,0.9975,25.7,7.2,8.47,0.11,424.4,54.56,12.85
381.4,0.7888,0.3449,0.6359,0.7709,22.2,15.0,9.18,1.26,387.9,60.84,12.85
231.9,0.7011,0.4161,0.4334,0.663,29.3,9.0,6.18,1.23,400.4,25.07,11.2
446.6,0.7377,0.4614,0.4186,0.6467,30.5,15.4,6.51,2.85,825.3,26.0,12.85
473.1,0.7191,0.5642,0.6304,0.646,35.5,13.5,7.09,8.28,1110.9,10.28,12.85
471.9,0.8064,0.4474,0.3631,0.7606,30.3,13.9,9.17,1.06,861.4,61.6,12.85
414.9,0.7639,0.5146,0.4442,0.7892,28.6,8.8,9.06,0.64,688.6,48.81,12.85
253.8,0.6691,0.295,0.2688,0.5594,30.0,9.1,5.4,0.31,457.6,37.62,11.43
417.1,0.7348,0.2225,0.4865,0.6402,35.0,11.7,5.59,0.01,959.0,64.93,12.85
226.4,0.6329,0.4694,0.6096,0.5259,33.6,8.5,7.23,1.07,488.9,29.9,11.1
225.8,0.8707,0.5468,0.4916,0.8999,26.5,9.7,5.48,1.22,327.8,24.1,11.46
304.1,0.8787,0.1752,0.5988,0.829,25.3,9.9,6.56,2.61,405.2,17.94,12.85
347.0,0.7577,0.6152,0.4305,0.77,25.7,8.4,5.67,1.05,474.7,23.29,12.85
420.3,0.6553,0.3348,0.5658,0.5395,29.1,8.8,7.86,3.72,717.1,14.72,12.85
397.7,0.8918,0.4552,0.6515,1.0141,32.4,14.1,9.27,1.48,811.9,52.63,12.85
335.9,0.78,0.2562,0.4127,0.6548,29.0,8.5,9.49,2.75,572.6,21.5,12.85
291.1,0.9045,0.5804,0.5619,0.9844,22.9,7.3,6.69,0.24,318.8,39.11,12.85
479.3,0.8542,0.6327,0.4696,0.9412,32.1,12.7,7.7,2.9,964.7,24.99,12.85
330.8,0.6435,0.457,0.4118,0.5116,33.3,15.8,8.85,1.69,704.1,52.01,12.85
337.4,0.8121,0.469,0.6927,0.8721,26.1,10.0,5.53,0.28,474.1,43.11,12.85
262.5,0.8021,0.3666,0.569,0.7642,31.3,8.1,8.1,0.32,506.6,49.69,12.52
426.7,0.8403,0.5759,0.5673,0.9211,28.0,12.1,6.84,3.92,681.5,16.88,12.85
400.4,0.9097,0.393,0.6621,0.9995,34.4,15.2,5.93,0.05,898.7,85.64,12.85
277.4,0.7974,0.2337,0.3891,0.7247,33.8,14.1,6.81,0.93,605.7,49.58,12.67
241.4,0.6817,0.4928,0.3722,0.5571,29.4,12.6,5.34,0.56,419.0,43.04,11.74
396.9,0.6228,0.3396,0.3515,0.508,31.7,9.8,8.13,1.64,781.2,30.28,12.85
390.2,0.6057,0.2008,0.2014,0.4609,34.4,11.9,6.14,2.75,872.7,19.46,12.85
291.0,0.8668,0.384,0.2291,0.7785,28.9,7.8,6.4,0.67,493.0,29.97,12.85
467.2,0.595,0.3472,0.2031,0.452,26.4,13.1,5.54,0.84,672.1,39.62,12.85
259.3,0.6901,0.3354,0.5726,0.6045,32.6,13.5,8.89,6.02,532.8,17.13,11.8
332.4,0.7426,0.3461,0.6861,0.7301,25.1,15.7,7.22,2.3,434.8,34.34,12.85
465.3,0.7264,0.1806,0.4739,0.5997,27.4,9.3,7.57,3.41,718.5,16.04,12.85
329.1,0.7426,0.2513,0.2299,0.6163,34.1,7.2,7.56,0.87,728.0,29.04,12.85
386.0,0.8322,0.3573,0.3597,0.8508,32.1,11.9,6.85,0.4,777.5,58.25,12.85
323.4,0.8578,0.3556,0.2661,0.7821,27.7,13.4,5.87,0.8,506.2,43.64,12.85
291.3,0.7915,0.2189,0.5613,0.6672,25.0,14.1,8.35,1.89,378.9,40.81,12.85
475.8,0.7956,0.3067,0.2259,0.6901,27.0,8.7,5.57,0.17,713.0,41.5,12.85
326.4,0.8154,0.5874,0.5932,0.8711,26.0,9.4,5.47,0.47,456.3,34.73,12.85
452.5,0.7521,0.4062,0.7419,0.7486,24.5,11.6,8.2,0.07,564.0,88.82,12.85
279.8,0.7565,0.3345,0.4709,0.6797,32.4,10.0,5.94,0.85,571.0,32.04,12.5
275.4,0.8941,0.4791,0.7043,0.9643,25.5,14.7,6.38,2.64,372.6,25.88,12.85
228.1,0.67,0.2779,0.476,0.5942,28.4,11.3,7.14,0.04,373.1,77.5,11.43
389.4,0.6945,0.6102,0.5832,0.6443,27.4,14.2,7.02,1.69,599.8,37.09,12.85
315.8,0.7278,0.4997,0.5329,0.6926,35.7,12.2,8.19,4.04,750.0,19.85,12.85
444.7,0.6775,0.587,0.4716,0.6152,27.5,14.0,7.81,0.41,688.2,77.51,12.85
343.0,0.7238,0.2383,0.2861,0.621,23.1,10.0,7.9,1.77,381.4,28.46,12.85
471.7,0.5601,0.175,0.2806,0.4094,23.3,14.5,8.21,5.54,531.1,18.19,12.85
268.2,0.8765,0.4424,0.4993,0.8827,30.3,9.5,6.32,4.92,490.1,10.11,12.0
445.8,0.8376,0.428,0.4591,0.9067,30.4,11.9,6.45,0.4,820.0,54.83,12.85
421.9,0.8452,0.4467,0.3614,0.8573,27.9,8.9,6.97,0.16,669.3,53.71,12.85
420.4,0.8711,0.393,0.6959,0.9596,28.0,11.3,6.38,0.24,674.6,58.03,12.85
439.6,0.8919,0.5124,0.5671,1.034,22.8,9.9,9.43,1.82,472.8,33.04,12.85
417.9,0.6833,0.3259,0.4891,0.5546,29.2,9.4,8.66,1.94,720.1,27.69,12.85
382.8,0.7298,0.3117,0.7088,0.6968,29.1,15.7,5.74,1.68,653.3,33.61,12.85
254.1,0.7715,0.5212,0.4626,0.7575,24.1,8.4,5.03,0.61,307.3,26.27,12.03
228.5,0.89,0.6203,0.4632,1.0276,23.5,14.1,5.19,0.28,261.7,57.18,12.16
459.4,0.7571,0.4724,0.6978,0.778,23.7,15.9,6.1,1.3,538.9,41.97,12.85
380.3,0.7602,0.3012,0.4185,0.7419,23.4,7.2,5.51,0.99,434.1,19.88,12.85
427.1,0.764,0.3653,0.2839,0.6672,30.5,13.3,7.4,1.96,791.7,33.26,12.85
345.2,0.7645,0.6142,0.4121,0.7653,24.8,9.3,8.86,0.87,440.2,43.88,12.85
250.5,0.7825,0.3351,0.4816,0.6586,25.5,7.4,8.32,0.62,338.7,37.8,11.92
252.5,0.8337,0.4566,0.4114,0.8797,24.4,10.6,5.97,0.52,313.9,41.71,12.18
398.2,0.7291,0.5951,0.6281,0.7235,35.4,15.4,6.8,0.36,932.3,77.25,12.85
331.9,0.8097,0.3094,0.4346,0.7605,34.0,7.1,7.29,0.46,729.0,35.38,12.85
272.1,0.7914,0.2795,0.6987,0.7814,25.2,12.3,8.65,0.15,360.0,92.45,12.85
347.8,0.6667,0.3922,0.67,0.5761,26.6,11.5,8.78,0.64,507.3,61.65,12.85
236.7,0.7103,0.4292,0.3877,0.6328,24.9,14.9,9.09,0.06,306.2,127.98,12.76
371.3,0.8692,0.377,0.4584,0.8315,28.9,7.8,7.29,0.31,627.0,43.19,12.85
289.9,0.8781,0.5879,0.6302,0.9585,22.3,13.1,8.12,2.06,297.9,34.87,12.85
427.4,0.919,0.3803,0.681,1.081,31.4,13.1,5.5,0.59,829.1,45.4,12.85
300.7,0.7873,0.5158,0.5142,0.8237,29.3,13.0,7.54,1.66,520.9,37.0,12.85
338.4,0.7355,0.3394,0.6434,0.6173,34.6,15.5,6.12,1.89,764.0,32.75,12.85
223.0,0.8875,0.4293,0.46,1.0009,24.3,14.4,6.94,1.31,274.3,43.39,11.63
238.8,0.6998,0.4681,0.7006,0.6591,33.3,7.4,7.85,4.78,507.7,10.02,10.94
322.0,0.7256,0.2719,0.5587,0.6208,33.1,11.2,6.16,0.03,679.1,67.02,12.85
344.8,0.7822,0.446,0.41,0.6481,23.8,10.6,5.23,2.01,406.2,18.39,12.85
376.0,0.7361,0.2245,0.4297,0.6367,27.6,9.8,5.05,4.78,585.8,8.54,12.85
295.8,0.775,0.3605,0.6158,0.7986,24.4,11.1,5.1,2.97,366.3,14.2,12.85
400.7,0.888,0.3793,0.5822,0.9476,25.6,10.5,5.04,0.28,543.6,41.3,12.85
443.6,0.8452,0.3136,0.3805,0.889,25.7,10.9,5.5,0.59,607.1,37.56,12.85
422.8,0.6537,0.4621,0.3643,0.5363,29.8,15.8,6.08,0.28,752.0,74.86,12.85
230.3,0.8026,0.4528,0.7232,0.8152,27.8,7.8,6.0,1.38,362.9,19.65,11.32
344.9,0.6761,0.2051,0.3756,0.5215,35.3,15.3,9.44,1.87,802.6,50.36,12.85
247.3,0.7703,0.3322,0.3179,0.7027,23.8,11.3,6.38,0.57,291.0,45.93,11.79
282.9,0.8961,0.4579,0.5888,0.9609,35.6,12.6,5.57,1.16,668.6,32.5,12.85
476.5,0.8189,0.3492,0.5828,0.7148,25.2,14.5,7.46,1.76,630.4,39.07,12.85
257.0,0.8151,0.5938,0.4644,0.8542,32.8,10.2,8.86,0.82,535.2,49.86,12.85
349.7,0.8161,0.3573,0.3711,0.7345,26.7,10.9,8.05,2.89,515.7,22.53,12.85
380.7,0.8959,0.5498,0.4918,0.9669,24.0,10.7,6.33,2.21,457.0,21.05,12.85
402.6,0.6729,0.2921,0.6607,0.5804,34.0,10.4,7.53,0.1,886.2,70.96,12.85
365.5,0.6745,0.5208,0.6522,0.6073,26.3,15.3,8.22,1.46,523.6,51.29,12.85
222.5,0.6238,0.4603,0.3218,0.4814,31.2,14.5,8.28,0.4,427.8,85.34,11.52
304.9,0.5833,0.2183,0.4829,0.428,29.9,8.0,8.0,1.22,546.7,28.72,12.73
354.6,0.8655,0.455,0.563,0.9638,28.6,8.0,8.92,4.72,588.8,12.44,12.85
242.8,0.6187,0.2076,0.4058,0.4991,28.9,10.9,8.92,3.17,411.4,23.21,10.79
311.2,0.8701,0.4426,0.6285,0.955,32.3,7.9,7.61,0.78,630.1,33.75,12.85
228.6,0.7328,0.5477,0.4426,0.7396,23.2,12.6,6.93,0.52,256.7,57.47,11.8
240.4,0.5972,0.2083,0.2768,0.4686,31.4,8.3,7.89,0.4,465.3,46.7,10.86
323.2,0.6795,0.3126,0.3368,0.5673,34.5,11.7,8.68,1.14,728.5,47.46,12.85
254.5,0.6847,0.5842,0.6907,0.629,22.8,7.1,5.03,0.18,275.1,30.04,12.4
367.6,0.8016,0.4742,0.7178,0.8526,24.0,9.8,9.46,1.2,439.9,42.46,12.85
399.3,0.8621,0.3697,0.5679,0.9582,32.0,13.1,5.82,0.0,799.8,76.1,12.85
428.2,0.7851,0.4306,0.6268,0.7486,28.1,11.4,7.12,0.59,690.3,50.92,12.85
272.0,0.781,0.5284,0.3929,0.7915,27.6,15.8,8.92,0.37,425.7,102.76,12.85
263.5,0.8489,0.4293,0.5452,0.7515,23.9,14.9,6.01,5.32,314.1,14.14,12.07
247.2,0.7923,0.6091,0.5796,0.8376,29.1,10.2,7.15,1.95,422.6,24.79,12.56
385.5,0.7235,0.5143,0.6203,0.7209,23.8,7.4,5.6,0.65,453.8,25.2,12.85
403.7,0.8132,0.259,0.3348,0.7122,28.7,14.6,6.78,0.15,673.0,86.4,12.85
228.2,0.6656,0.5048,0.601,0.5564,32.7,15.2,5.8,1.09,472.2,42.14,11.51
463.4,0.5914,0.1257,0.4009,0.4478,25.6,14.4,6.64,0.36,631.0,70.19,12.85
233.5,0.6232,0.2438,0.5233,0.5043,28.7,8.2,6.68,1.15,390.7,25.29,10.65
360.7,0.7097,0.4389,0.4237,0.6828,35.9,16.0,9.47,2.71,861.7,40.83,12.85
404.4,0.7475,0.2555,0.6624,0.6722,31.6,9.3,9.48,1.43,793.1,36.3,12.85
446.5,0.5702,0.4437,0.2076,0.4256,33.8,13.5,5.52,1.51,972.3,29.75,12.85
405.7,0.6823,0.3586,0.322,0.5828,27.8,15.2,8.27,1.17,641.3,57.85,12.85
428.4,0.8869,0.4585,0.6467,1.0214,32.8,9.1,5.23,3.93,889.0,9.68,12.85
308.3,0.7896,0.3254,0.4128,0.7786,22.6,15.2,5.14,4.03,325.7,15.49,12.74
431.9,0.7044,0.2804,0.6741,0.6217,23.7,9.8,5.47,1.08,506.2,25.77,12.85
240.8,0.7953,0.381,0.2194,0.6897,24.8,15.8,9.34,0.55,309.3,95.34,12.52
452.7,0.7895,0.3757,0.568,0.8339,27.6,9.5,9.23,0.92,707.4,45.76,12.85
362.4,0.7684,0.5943,0.6211,0.7748,33.8,15.6,5.87,0.31,791.4,69.86,12.85
432.5,0.8356,0.2107,0.4858,0.7738,26.8,7.5,5.73,1.52,642.2,17.02,12.85
337.6,0.68,0.1045,0.5787,0.5338,31.2,13.4,6.08,1.04,647.0,39.9,12.85
387.3,0.617,0.3873,0.1699,0.4666,31.9,11.8,7.32,0.16,772.0,74.17,12.85
356.9,0.7103,0.2006,0.6078,0.5769,30.2,11.3,7.56,0.33,649.7,64.25,12.85
410.2,0.902,0.5848,0.4463,0.9602,27.0,9.0,6.0,0.98,615.4,27.3,12.85
241.2,0.9185,0.5166,0.5872,1.0781,30.1,13.4,8.4,3.28,436.1,26.23,12.01
235.7,0.8046,0.3876,0.3289,0.7769,26.8,8.7,6.39,1.25,348.6,24.73,11.3
284.2,0.7195,0.4462,0.6465,0.7008,23.2,12.0,9.15,1.72,317.6,40.34,12.85
261.5,0.8332,0.245,0.4586,0.8103,35.9,9.3,7.96,0.62,624.9,45.54,12.28
446.7,0.763,0.3899,0.5347,0.7497,23.8,15.6,6.96,1.27,526.2,47.84,12.85
277.0,0.8584,0.4542,0.4634,0.9151,23.0,7.3,8.55,0.89,305.1,32.86,12.85
473.7,0.7732,0.1927,0.6045,0.6634,34.3,8.8,8.68,1.61,1056.4,29.21,12.85
307.6,0.6639,0.215,0.5828,0.5633,26.2,9.2,6.31,0.08,437.6,53.72,12.85
267.4,0.734,0.6028,0.6268,0.6953,31.1,10.7,6.53,1.02,510.8,34.67,12.85
425.3,0.8334,0.1014,0.2634,0.7118,26.6,9.1,9.21,0.53,621.2,54.88,12.85
391.3,0.7695,0.5179,0.5851,0.6989,27.5,11.4,5.74,0.59,605.7,41.19,12.85
349.5,0.8947,0.3048,0.4645,0.9349,25.7,14.9,5.19,4.86,477.8,13.15,12.85
364.4,0.8217,0.5683,0.6792,0.8942,26.8,13.4,7.04,0.3,539.4,72.5,12.85
407.0,0.7266,0.5248,0.3504,0.6604,27.7,12.2,8.61,0.56,641.0,67.44,12.85
279.4,0.888,0.4847,0.4078,0.9894,32.1,7.8,8.47,1.07,561.2,31.93,12.85
479.0,0.8156,0.3282,0.4603,0.78,29.2,13.2,9.14,2.98,822.1,30.4,12.85
473.4,0.8232,0.5001,0.5985,0.864,35.2,8.5,7.4,0.81,1098.9,34.77,12.85
389.1,0.6873,0.5817,0.6112,0.6242,22.6,14.1,5.45,2.04,411.9,25.21,12.85
271.9,0.7122,0.4493,0.7319,0.6947,29.0,9.3,7.65,2.91,463.4,18.09,12.83
396.9,0.8822,0.244,0.5593,0.8801,30.2,10.8,8.5,0.56,721.5,58.74,12.85
238.8,0.7226,0.4592,0.4519,0.6742,34.9,10.2,5.42,0.75,546.4,31.48,11.48
228.0,0.8144,0.525,0.5002,0.8186,22.7,14.7,5.78,0.66,243.7,51.22,11.83
287.0,0.7863,0.392,0.3082,0.7338,30.0,8.1,5.06,2.68,517.4,11.17,12.64
340.3,0.643,0.4766,0.4307,0.5073,34.0,12.1,7.67,0.07,746.9,86.84,12.85
445.8,0.5869,0.1589,0.2889,0.4424,25.4,8.3,8.99,0.55,596.7,47.92,12.85
409.1,0.5567,0.1256,0.3445,0.4033,34.3,13.3,8.02,1.71,910.9,39.53,12.85
413.1,0.7919,0.4501,0.5541,0.8219,22.3,15.1,9.42,1.25,424.1,63.4,12.85
330.6,0.7719,0.3727,0.5174,0.676,32.3,10.9,5.28,0.86,669.7,31.0,12.85
309.9,0.6491,0.2093,0.4256,0.5243,35.1,11.4,9.06,1.16,714.8,47.7,12.85
316.5,0.8519,0.4318,0.5441,0.904,31.2,15.3,8.66,0.33,607.6,99.95,12.85
476.8,0.7275,0.2379,0.3593,0.6354,28.1,11.7,6.41,0.85,769.8,40.63,12.85
230.4,0.8052,0.3525,0.334,0.7797,22.6,11.4,9.38,1.04,244.9,52.25,11.74
445.4,0.6736,0.1964,0.4673,0.5436,34.9,12.2,6.3,3.47,1019.2,17.18,12.85
370.5,0.8689,0.4636,0.7431,0.9799,28.6,13.2,9.0,0.45,614.4,81.78,12.85
334.0,0.8732,0.4998,0.5559,0.9676,22.4,8.0,8.96,3.04,347.6,17.68,12.85
408.6,0.7236,0.3456,0.5415,0.7094,31.7,14.4,8.41,1.55,803.1,47.45,12.85
346.5,0.8653,0.3549,0.6045,0.8515,28.7,10.9,7.54,0.03,580.3,79.82,12.85
447.1,0.7965,0.422,0.4513,0.8122,23.7,7.7,5.54,1.93,524.9,14.44,12.85
454.2,0.8006,0.3976,0.2052,0.6907,25.0,14.1,7.39,0.05,590.4,98.71,12.85
329.6,0.8465,0.1886,0.1645,0.7084,22.9,10.4,6.61,8.92,359.4,6.92,12.69
292.0,0.849,0.2125,0.4897,0.7152,30.0,7.9,8.56,3.09,526.7,16.55,12.21
374.0,0.8594,0.528,0.3751,0.8854,30.7,12.7,8.41,0.53,699.7,69.87,12.85
457.2,0.6763,0.551,0.398,0.5916,29.1,14.9,9.1,0.45,780.9,93.85,12.85
274.8,0.8259,0.3643,0.5058,0.8146,33.4,15.0,5.07,0.72,589.1,44.14,12.85
382.0,0.554,0.1416,0.3185,0.3996,34.1,15.6,8.64,0.66,842.4,81.28,12.85
384.2,0.7387,0.3654,0.3399,0.6682,30.6,14.8,9.22,0.7,715.3,80.41,12.85
410.6,0.8077,0.5385,0.5373,0.8234,22.2,7.0,8.55,0.57,417.9,38.12,12.85
254.2,0.742,0.3241,0.5213,0.676,31.7,10.4,5.59,1.46,501.6,23.71,11.77
406.1,0.7912,0.5962,0.5353,0.7985,27.9,14.4,5.37,0.27,643.8,60.74,12.85
456.3,0.661,0.3378,0.381,0.5409,29.9,10.3,5.09,2.81,817.7,13.78,12.85
266.7,0.8502,0.5787,0.6649,0.916,31.1,12.4,7.83,2.51,509.1,27.69,12.85
281.8,0.815,0.5286,0.3676,0.8114,26.9,12.5,7.83,0.97,419.9,49.51,12.85
472.6,0.6218,0.4265,0.3372,0.4945,34.8,10.3,9.44,2.87,1079.3,25.07,12.85
267.1,0.6148,0.3598,0.3611,0.4905,23.9,15.1,6.79,0.43,317.1,72.11,12.58
442.1,0.6978,0.5892,0.6758,0.6427,31.4,11.5,6.49,0.03,857.8,72.93,12.85
348.0,0.8213,0.501,0.5153,0.8664,22.1,11.2,7.81,1.45,350.1,35.67,12.85
284.3,0.6895,0.3674,0.6291,0.6027,34.9,16.0,8.72,0.92,652.3,72.58,12.85
446.4,0.7413,0.3307,0.6181,0.6413,23.6,11.4,9.22,1.26,516.7,46.74,12.85
335.8,0.8078,0.5128,0.5479,0.8486,23.3,8.6,8.61,3.44,380.4,16.68,12.85
353.9,0.8581,0.3323,0.5568,0.9014,26.7,11.6,6.92,5.26,518.8,12.85,12.85
313.4,0.74,0.5133,0.4377,0.6743,27.2,14.3,7.86,1.51,477.3,44.85,12.85
374.2,0.8486,0.3889,0.6577,0.8445,25.0,14.0,8.85,2.17,486.4,39.12,12.85
262.5,0.7748,0.4876,0.4338,0.6724,30.2,14.1,7.21,0.13,477.6,89.82,12.85
321.7,0.7055,0.5808,0.6422,0.6532,28.2,13.4,5.98,0.26,521.1,63.27,12.85
472.0,0.8306,0.33,0.2772,0.7858,22.5,9.3,5.76,1.98,494.6,17.95,12.85
287.1,0.9072,0.4797,0.5582,1.068,26.5,14.8,5.0,0.85,415.6,39.96,12.85
390.8,0.8802,0.2713,0.4104,0.8952,33.3,15.0,8.23,0.89,834.1,65.66,12.85
304.5,0.6651,0.3709,0.5509,0.5814,31.7,8.7,5.5,0.55,598.6,30.97,12.85
421.1,0.7755,0.2724,0.6682,0.7456,32.1,8.2,6.1,1.4,848.4,20.75,12.85
254.0,0.8303,0.6372,0.419,0.8974,31.8,15.8,6.34,0.31,502.3,76.54,12.85
472.2,0.7371,0.6009,0.6245,0.7223,26.4,14.8,7.52,1.48,677.7,44.95,12.85
338.0,0.6826,0.5568,0.5024,0.599,23.4,15.0,6.79,0.29,385.1,79.39,12.85
281.4,0.8316,0.5539,0.4782,0.8645,25.8,15.0,8.04,0.1,388.7,109.52,12.85
239.1,0.735,0.4018,0.7044,0.6893,33.6,11.9,5.25,0.6,517.6,38.93,11.44
264.1,0.704,0.3444,0.3719,0.6327,35.7,12.8,5.56,0.39,626.7,51.09,12.23
355.1,0.6803,0.492,0.3854,0.5562,28.9,11.9,7.25,3.3,600.7,20.08,12.85
307.6,0.856,0.2475,0.5665,0.8508,22.1,7.5,6.52,0.08,311.8,44.82,12.85
435.5,0.6341,0.2083,0.6246,0.5128,24.0,13.7,6.33,0.29,520.9,67.21,12.85
332.0,0.8034,0.5496,0.6892,0.8482,26.5,11.5,5.3,1.19,481.7,27.91,12.85
284.7,0.8065,0.5154,0.2993,0.7451,30.1,12.8,9.03,0.98,515.3,58.4,12.85
380.5,0.8297,0.5989,0.5112,0.9021,23.1,11.5,8.11,0.07,420.5,87.34,12.85
403.8,0.8923,0.5396,0.5927,0.9301,35.2,11.4,5.55,0.01,937.0,62.7,12.85
263.4,0.8747,0.561,0.6918,0.9228,27.1,8.5,5.29,6.64,398.1,5.92,11.91
263.6,0.7129,0.3986,0.4249,0.6519,34.8,9.5,9.39,1.61,600.3,34.16,12.74
229.5,0.8738,0.3819,0.3498,0.7834,32.9,8.4,8.07,0.68,480.4,40.42,11.46
411.5,0.7747,0.4115,0.4922,0.7089,32.6,8.8,6.88,0.95,846.6,30.85,12.85
392.6,0.699,0.1109,0.4313,0.56,30.5,15.8,8.16,0.46,726.1,87.74,12.85
343.4,0.893,0.366,0.6234,0.9543,30.8,8.4,8.4,0.63,644.7,43.08,12.85
439.5,0.6511,0.2417,0.408,0.5592,30.9,9.4,8.51,1.57,832.0,31.2,12.85
429.5,0.8606,0.5804,0.3913,0.9286,30.8,12.3,7.15,3.22,807.5,20.89,12.85
372.2,0.7853,0.3564,0.5586,0.6898,29.8,12.5,6.93,0.31,660.7,66.36,12.85
445.8,0.7772,0.2737,0.3518,0.6663,35.8,8.4,5.05,2.75,1061.3,11.29,12.85
273.5,0.8289,0.5326,0.4915,0.7944,32.3,14.1,9.17,0.19,553.9,108.58,12.85
249.1,0.9201,0.6553,0.5855,1.0812,32.9,14.1,7.71,0.36,520.1,79.62,12.85
290.1,0.743,0.3909,0.6227,0.7191,34.2,9.1,5.91,0.06,644.5,51.13,12.85
234.8,0.6474,0.3252,0.3469,0.5511,25.0,9.6,9.14,0.23,305.7,71.44,11.46
358.1,0.841,0.429,0.4935,0.8388,23.2,15.4,9.12,3.74,400.1,29.71,12.85
463.5,0.6545,0.268,0.346,0.5094,28.8,14.4,9.45,0.92,776.9,70.94,12.85
230.2,0.77,0.5232,0.6445,0.7997,29.2,13.3,8.93,0.12,395.9,105.8,12.64
251.7,0.7124,0.6071,0.6456,0.6682,33.6,7.7,9.49,4.82,544.0,12.63,12.07
337.6,0.7604,0.3945,0.6202,0.6714,28.2,10.8,6.1,3.17,547.3,15.76,12.85
462.8,0.8271,0.5309,0.4272,0.8307,30.0,12.0,8.79,2.11,832.7,34.04,12.85
302.2,0.7617,0.4418,0.5178,0.6343,29.4,8.7,8.7,4.07,525.2,14.93,12.85
351.9,0.7738,0.3675,0.5123,0.8037,22.5,11.0,6.04,0.37,370.7,48.54,12.85
230.8,0.6334,0.2617,0.4429,0.5017,30.6,12.4,5.44,2.72,429.6,18.18,10.78
258.6,0.8623,0.3589,0.5477,0.9042,33.6,9.9,9.41,1.76,558.3,33.94,12.76
476.5,0.7692,0.3903,0.4297,0.6744,24.2,14.0,6.33,3.06,581.6,21.89,12.85
470.9,0.7083,0.4803,0.5791,0.6689,30.3,14.6,8.92,2.39,862.8,38.3,12.85
221.3,0.735,0.5459,0.6967,0.7161,30.3,9.9,5.02,0.64,405.2,30.37,10.97
467.5,0.6855,0.5792,0.594,0.6313,24.3,14.5,5.09,2.23,574.9,22.92,12.85
386.2,0.7254,0.536,0.451,0.6797,23.7,7.9,7.1,0.46,452.9,38.64,12.85
445.7,0.8319,0.3942,0.5068,0.8962,35.7,14.5,6.07,0.6,1057.1,55.28,12.85
338.2,0.6743,0.1992,0.4622,0.5293,27.5,8.4,8.1,0.17,524.7,57.95,12.85
354.1,0.7043,0.3308,0.4574,0.6081,25.2,7.7,7.55,4.1,466.8,11.46,12.85
347.1,0.8585,0.3305,0.5566,0.798,24.4,12.8,5.35,0.52,430.4,45.08,12.85
393.4,0.8084,0.3807,0.68,0.8683,31.3,11.2,5.73,1.1,761.1,30.66,12.85
256.3,0.7022,0.5304,0.6736,0.6147,30.5,15.2,6.75,0.74,475.0,58.66,12.83
227.8,0.8715,0.5221,0.4029,0.9395,31.0,10.3,5.84,4.83,433.0,10.29,10.84
300.1,0.729,0.4882,0.6364,0.6947,23.2,9.6,8.57,0.61,337.0,50.92,12.85
403.2,0.7035,0.2149,0.5304,0.5865,34.5,11.5,6.87,2.26,907.6,24.25,12.85
272.5,0.6139,0.1624,0.5124,0.4899,27.4,11.1,5.42,2.9,421.0,15.43,11.66
395.1,0.8729,0.4311,0.5978,0.8289,26.4,10.1,7.18,0.86,568.4,39.03,12.85
472.2,0.8197,0.2521,0.4095,0.7817,28.5,13.2,5.41,0.71,777.8,41.83,12.85
244.4,0.7028,0.2078,0.6147,0.5897,27.5,13.8,5.58,2.07,377.9,25.18,11.26
394.9,0.7554,0.3522,0.5247,0.605,34.1,14.7,6.08,3.66,872.3,19.14,12.85
335.4,0.7649,0.5097,0.5112,0.7771,35.0,15.8,8.87,2.11,771.7,44.94,12.85
445.7,0.7649,0.5217,0.6292,0.7886,26.2,9.4,9.16,0.39,635.1,62.11,12.85
266.1,0.8596,0.201,0.3652,0.8253,34.1,13.4,8.72,3.29,587.9,27.34,11.96
400.1,0.7436,0.4716,0.4206,0.6597,32.9,10.5,6.5,0.74,837.8,39.53,12.85
437.9,0.683,0.1301,0.4538,0.5244,35.0,13.1,6.23,1.29,1008.6,35.63,12.85
465.6,0.8197,0.4927,0.4698,0.8368,25.4,11.3,7.47,2.67,625.8,22.97,12.85
397.6,0.7161,0.3987,0.6965,0.6935,30.1,15.9,8.25,0.31,718.8,100.15,12.85
349.3,0.624,0.3171,0.3705,0.4876,25.8,13.6,9.47,2.3,483.5,38.89,12.85
380.6,0.6619,0.2636,0.4173,0.5302,33.5,15.6,5.59,1.36,819.8,36.9,12.85
445.9,0.7554,0.3625,0.63,0.7494,22.1,14.5,5.22,3.36,449.2,17.39,12.85
368.4,0.7918,0.329,0.4721,0.7796,29.9,15.1,8.12,0.28,659.6,95.78,12.85
227.9,0.5729,0.1251,0.205,0.4222,26.7,14.3,8.75,0.82,336.1,68.9,10.74
462.0,0.7395,0.5847,0.3466,0.7013,26.5,11.1,8.81,2.68,670.8,26.62,12.85
399.3,0.6833,0.2758,0.3927,0.5788,31.0,9.3,8.05,0.03,759.8,72.51,12.85
395.9,0.6621,0.4965,0.4903,0.5622,33.9,10.3,9.29,0.18,867.8,81.48,12.85
276.1,0.849,0.4833,0.6438,0.9054,30.5,7.2,7.3,7.0,511.5,6.56,12.27
391.3,0.739,0.4495,0.6374,0.7266,33.9,11.7,9.11,0.49,858.7,71.48,12.85
322.4,0.8381,0.4017,0.4677,0.8072,25.7,11.5,9.36,5.57,441.8,16.45,12.85
389.3,0.8459,0.4846,0.6167,0.9322,29.3,11.7,8.81,0.3,672.5,79.35,12.85
247.7,0.8001,0.2164,0.3145,0.7516,28.3,15.8,6.39,0.67,404.0,60.29,11.86
391.0,0.7004,0.582,0.5884,0.664,22.2,15.2,5.88,2.1,397.4,28.88,12.85
479.8,0.6834,0.3327,0.5304,0.6045,29.8,8.5,7.47,1.61,853.9,24.2,12.85
232.5,0.7693,0.5141,0.6033,0.787,31.3,10.3,7.04,1.31,447.9,31.51,11.73
474.1,0.7653,0.6051,0.4572,0.7816,30.3,10.8,8.95,1.13,866.9,45.4,12.85
325.8,0.6847,0.4064,0.3033,0.5421,32.3,10.2,5.45,2.78,661.6,14.77,12.85
446.4,0.7266,0.3633,0.5312,0.7226,30.0,14.2,6.16,0.4,803.5,62.34,12.85
423.4,0.8044,0.3577,0.6101,0.836,22.9,11.7,8.38,0.88,463.0,52.35,12.85
367.4,0.8266,0.3427,0.4395,0.8691,23.6,12.1,5.43,0.25,427.3,52.61,12.85
412.0,0.8265,0.149,0.6274,0.7398,30.4,14.7,6.44,1.36,756.0,40.08,12.85
448.4,0.7425,0.5611,0.4264,0.7313,25.8,14.3,6.74,0.43,621.0,67.08,12.85
325.1,0.7578,0.5187,0.5499,0.7617,23.1,8.2,7.8,0.61,361.3,39.7,12.85
305.0,0.7717,0.2769,0.4723,0.687,28.0,13.4,5.71,0.96,488.5,39.2,12.85
393.6,0.9157,0.4964,0.5724,1.0772,29.8,10.9,8.87,0.04,699.0,93.09,12.85
430.0,0.5965,0.2822,0.2826,0.4455,26.6,9.7,7.01,0.14,628.0,59.14,12.85
418.2,0.8717,0.3426,0.6305,0.7871,32.1,7.5,9.13,1.74,840.0,24.84,12.85
427.4,0.7261,0.3727,0.3639,0.6693,31.0,11.4,7.11,0.84,812.7,43.95,12.85
333.3,0.6736,0.3882,0.5212,0.6036,26.7,10.2,6.24,3.0,488.5,15.9,12.85
432.6,0.8004,0.5488,0.5755,0.7985,32.6,9.3,5.64,1.78,889.9,18.79,12.85
251.3,0.7762,0.2485,0.5215,0.6278,31.1,13.3,5.02,0.01,479.4,65.68,12.09
361.6,0.7747,0.4769,0.5933,0.8047,30.9,13.9,7.39,1.44,684.2,42.23,12.85
221.5,0.6011,0.223,0.3518,0.4492,29.7,9.2,5.48,0.15,393.1,43.96,10.4
304.4,0.7008,0.4019,0.427,0.5706,22.2,7.4,6.76,2.28,309.2,15.36,12.85
315.3,0.5515,0.1513,0.2641,0.3983,31.8,14.6,7.65,7.15,622.7,13.74,12.38
323.0,0.8905,0.5884,0.5293,0.9357,27.3,7.1,6.24,1.14,493.1,20.71,12.85
400.8,0.8118,0.5335,0.4261,0.866,35.2,15.4,5.79,1.72,929.8,32.82,12.85
321.0,0.7399,0.3482,0.4845,0.7081,33.5,12.6,8.49,0.41,688.7,76.32,12.85
336.7,0.7294,0.4472,0.4491,0.7133,30.2,9.9,9.26,0.86,613.7,49.19,12.85
281.8,0.7953,0.3335,0.5371,0.6488,25.5,9.2,5.45,2.91,381.2,12.86,12.49
317.0,0.7051,0.3422,0.5334,0.6411,24.9,7.1,5.7,0.27,407.5,31.66,12.85
279.1,0.751,0.3607,0.5403,0.6915,26.8,9.1,9.32,0.46,412.1,58.1,12.85
239.0,0.7948,0.3003,0.4575,0.7625,28.7,8.2,5.17,0.88,398.5,22.61,11.0
376.9,0.8208,0.1776,0.2194,0.6964,26.1,12.5,9.4,1.87,533.1,40.99,12.85
393.7,0.7113,0.4032,0.6937,0.669,29.2,8.5,5.02,0.71,677.6,25.0,12.85
381.1,0.8576,0.3988,0.6684,0.863,24.3,11.8,8.93,3.94,469.3,21.25,12.85
340.5,0.8405,0.5816,0.4241,0.8891,35.7,12.3,6.38,0.15,806.6,68.4,12.85
318.7,0.8207,0.4761,0.5998,0.7995,23.5,9.7,9.22,0.69,366.9,52.69,12.85
444.5,0.6133,0.3184,0.3185,0.4768,35.0,7.3,6.43,1.85,1024.4,16.49,12.85
